,rowid,ï»¿X,Y,OBJECTID,PARTICIPANT_CODE,FORMAL_PARTICIPANT_NAME,HA_PHN_NUM,HA_FAX_NUM,HA_EMAIL_ADDR_TEXT,EXEC_DIR_PHONE,EXEC_DIR_FAX,EXEC_DIR_EMAIL,PHAS_DESIGNATION,HA_LOW_RENT_SIZE_CATEGORY,SECTION8_UNITS_CNT,HA_SECTION_8_SIZE_CATEGORY,HA_COMBINED_SIZE_CATEGORY,HA_FYE,HA_PROGRAM_TYPE,TOTAL_UNITS,TOTAL_DWELLING_UNITS,ACC_UNITS,PH_OCCUPIED,SECTION8_OCCUPIED,TOTAL_OCCUPIED,PCT_OCCUPIED,REGULAR_VACANT,PHA_TOTAL_UNITS,NUMBER_REPORTED,PCT_REPORTED,OPFUND_AMNT,OPFUND_AMNT_PREV_YR,CAPFUND_AMNT,CAPFUND_AMNT_PREV_YR,VCHR_AMNT,VCHR_AMNT_PREV_YR,ROSS_AMNT,FSS_AMNT,SPENDING_PER_MONTH,SPENDING_PER_MONTH_PREV_YR,CHLDRN_MBR_CNT,ELDLY_PRCNT,PCT_DISABLED_LT62_ALL,PCT_LT80_MEDIAN,MEDIAN_INC_AMNT,STATE2KX,CNTY_NM2KX,CNTY2KX,TRACT2KX,BG2KX,BLOCK2KX,DPVACT,DPVNOST,CURCNTY_NM,CURCNTY,CURCOSUB,CURCOSUB_NM,PLACE2KX,PLACE_NM2KX,PLACE_CC2KX,PLACE_INC2KX,MSA,MSA_NM,CBSA,CBSA_NM,NECTA,NECTA_NM,METRO,MICRO,FCD_FIPS91,HLC,DPV,DPVRC,STD_ADDR,URB_OUT,STD_CITY,STD_ST,STD_ZIP5,STD_ZIP9,ZIP_CLASS,ZCTA2KX,DPBC,DPBC_CKSUM,STD_ZIP11,ADDR_TYPE,APT_NO,APT_TYPE,C1PGRC,C1PPRB,C1PDRC,C1PSRC,C1PARC,C1PZRC,MSGUSPS,LAT,LON,RC2KX,STM2KX,LVL2KX,UR,MSG2KX,COUNTY_LEVEL,PLACE_LEVEL,TRACT_LEVEL,BLKGRP_LEVEL,UGLG_KEY,LAST_UPDT_DTTM,ANNL_EXPNS_AMNT,ANNL_EXPNS_AMNT_PREV_YR,Unnamed: 109,GEO_ID,NAME,Estimate Total,Margin of Error,50 Percent or More,Margin of Error for 50 percent or more,Rent Burden Percent,COUNTY FIPS
0,1864,-118.2067,33.900609,1864,CA071,City of Compton Housing Authority,3106053080,3106053096.0,,3106055585.0,3106053096.0,mantwine@comptoncity.org,,,803,MEDIUM HIGH (300-999),MEDIUM HIGH (300-999),6/30,Section 8,0,0,0,0,628,628,78.21,0,803,625,99.52,0,0,0,0,6702673,5812173,0,0,1113,1104,516,12.02,12.08,99.84,12456,6,Los Angeles,37.0,542000.0,2.0,2004.0,,,Los Angeles,37.0,90560.0,Compton,15044.0,Compton city,C1,,4480.0,"Los Angeles-Long Beach, CA PMSA",31080.0,"Los Angeles-Long Beach-Anaheim, CA Metropolitan Statistical Area",99999.0,,1.0,0.0,0644,804.0,Y,,700 N Bullis Rd,,Compton,CA,90221.0,2209.0,,90221.0,0.0,3.0,90221220900.0,S,,,,0.0,,,,,100% Overall probable correctness,33.900609,-118.2067,S,,R,U,** Street-Level Rooftop **,06037,615044.0,6037542000.0,60375420002.0,615044.0,2020/08/24 16,57,41+00,8541167,0500000US06037,"Los Angeles County, California",1791480,6379,528626,4288,29.50778127581664,06037
1,1877,-118.396175,34.021315,1877,CA110,Culver City Housing Authority,3102535780,3102535785.0,,3102535780.0,3102535785.0,tevis.barnes@culvercity.org,,,384,MEDIUM HIGH (300-999),MEDIUM HIGH (300-999),6/30,Section 8,0,0,0,0,91,91,23.7,0,384,90,98.9,0,0,0,0,1375128,1301512,0,0,1355,1247,14,40.85,11.97,98.89,12215,6,Los Angeles,37.0,702400.0,2.0,2012.0,,,Los Angeles,37.0,91750.0,Los Angeles,17568.0,Culver City city,C1,,4480.0,"Los Angeles-Long Beach, CA PMSA",31080.0,"Los Angeles-Long Beach-Anaheim, CA Metropolitan Statistical Area",99999.0,,1.0,0.0,0637,900.0,Y,,9770 Culver Blvd,,Culver City,CA,90232.0,2703.0,,90232.0,70.0,5.0,90232270370.0,S,,,,0.0,,,,,100% Overall probable correctness,34.021315,-118.396175,S,,R,U,** Street-Level Rooftop **,06037,617568.0,6037702400.0,60377024002.0,617568.0,2020/08/24 16,57,41+00,1347239,0500000US06037,"Los Angeles County, California",1791480,6379,528626,4288,29.50778127581664,06037
2,1878,-118.353955,33.918389000000005,1878,CA126,Hawthorne Housing,3103491603,3109789864.0,kmack@cityofhawthorne.org,3103491600.0,3109789864.0,kmack@cityofhawthorne.org,,,711,MEDIUM HIGH (300-999),MEDIUM HIGH (300-999),6/30,Section 8,0,0,0,0,543,543,76.38,0,711,813,100.0,0,0,0,0,5977306,5603644,0,0,1653,1580,399,20.1,14.95,99.51,12452,6,Los Angeles,37.0,602106.0,2.0,2009.0,,,Los Angeles,37.0,91400.0,Inglewood,32548.0,Hawthorne city,C1,,4480.0,"Los Angeles-Long Beach, CA PMSA",31080.0,"Los Angeles-Long Beach-Anaheim, CA Metropolitan Statistical Area",99999.0,,1.0,0.0,0643,1596.0,D,,4455 W 126th St,,Hawthorne,CA,90250.0,4421.0,,90250.0,99.0,5.0,90250442199.0,H,1SUD,,,2.0,,,N,,80% Overall probable correctness,33.918389000000005,-118.353955,S,,R,U,** Street-Level Rooftop **,06037,632548.0,6037602106.0,60376021062.0,632548.0,2020/08/24 16,57,41+00,9310059,0500000US06037,"Los Angeles County, California",1791480,6379,528626,4288,29.50778127581664,06037
3,1879,-118.378596,33.872607,1879,CA103,Housing Authority of the City of Redondo Beach,3103180635,3107988463.0,Angelica.Zavala@redondo.org,3103721171.0,,joe.hoefgen@redondo.org,,,633,MEDIUM HIGH (300-999),MEDIUM HIGH (300-999),6/30,Section 8,0,0,0,0,437,437,69.03,0,633,428,97.94,0,0,0,0,6369923,5905570,0,0,1175,1103,118,38.53,13.49,99.77,14396,6,Los Angeles,37.0,620701.0,1.0,1002.0,,,Los Angeles,37.0,93100.0,South Bay Cities,60018.0,Redondo Beach city,C1,,4480.0,"Los Angeles-Long Beach, CA PMSA",31080.0,"Los Angeles-Long Beach-Anaheim, CA Metropolitan Statistical Area",99999.0,,1.0,0.0,0633,2970.0,Y,,1922 Artesia Blvd,,Redondo Beach,CA,90278.0,2908.0,,90278.0,22.0,1.0,90278290822.0,S,,,,0.0,,,,,100% Overall probable correctness,33.872607,-118.378596,S,,R,U,** Street-Level Rooftop **,06037,660018.0,6037620701.0,60376207011.0,660018.0,2020/08/24 16,57,41+00,5915429,0500000US06037,"Los Angeles County, California",1791480,6379,528626,4288,29.50778127581664,06037
4,1916,-118.07231100000001,33.915633,1916,CA118,Housing Authority of the City of Norwalk,5629295588,5629295537.0,sruiz@norwalkca.gov,5629295944.0,5629295584.0,sruiz@norwalkca.gov,,,705,MEDIUM HIGH (300-999),MEDIUM HIGH (300-999),6/30,Section 8,0,0,0,0,647,647,91.78,0,705,624,96.44,0,0,0,0,7239198,6730897,0,0,1064,968,366,35.98,6.7,99.84,12974,6,Los Angeles,37.0,552301.0,1.0,1003.0,,,Los Angeles,37.0,90730.0,Downey-Norwalk,52526.0,Norwalk city,C1,,4480.0,"Los Angeles-Long Beach, CA PMSA",31080.0,"Los Angeles-Long Beach-Anaheim, CA Metropolitan Statistical Area",99999.0,,1.0,0.0,0638,2490.0,S,,12700 Norwalk Blvd,,Norwalk,CA,90650.0,3144.0,,90650.0,0.0,8.0,90650314400.0,S,,,,1.0,,,A,,90% Overall probable correctness,33.915633,-118.07231100000001,S,,R,U,** Street-Level Rooftop **,06037,652526.0,6037552301.0,60375523011.0,652526.0,2020/08/24 16,57,41+00,7457570,0500000US06037,"Los Angeles County, California",1791480,6379,528626,4288,29.50778127581664,06037
5,1917,-118.08840500000001,33.982046999999994,1917,CA117,Pico Rivera Housing Assistance Agency,5628014347,5629497506.0,idelgado@pico-rivera.org,5628014352.0,5629492717.0,idelgado@pico-rivera.org,,,517,MEDIUM HIGH (300-999),MEDIUM HIGH (300-999),6/30,Section 8,0,0,0,0,371,371,71.76,0,517,365,98.39,0,0,0,0,5284270,5293603,0,0,1199,1132,229,20.81,9.57,99.73,13284,6,Los Angeles,37.0,500800.0,4.0,4024.0,,,Los Angeles,37.0,93730.0,Whittier,56924.0,Pico Rivera city (part),C1,,4480.0,"Los Angeles-Long Beach, CA PMSA",31080.0,"Los Angeles-Long Beach-Anaheim, CA Metropolitan Statistical Area",99999.0,,1.0,0.0,0638,2766.0,Y,,6615 Passons Blvd,,Pico Rivera,CA,90660.0,3645.0,,90660.0,15.0,5.0,90660364515.0,S,,,,0.0,,,,,100% Overall probable correctness,33.982046999999994,-118.08840500000001,S,,R,U,** Street-Level Rooftop **,06037,656924.0,6037500800.0,60375008004.0,656924.0,2020/08/24 16,57,41+00,5161316,0500000US06037,"Los Angeles County, California",1791480,6379,528626,4288,29.50778127581664,06037
6,1918,-118.08201100000001,33.827651,1918,CA136,Housing Authority of the City of Hawaiian Gardens,5624202641,5624208521.0,gthomas@hgcity.org,5624202641.0,5624963708.0,gthomas@hgcity.org,,,132,MEDIUM LOW (100-299),MEDIUM LOW (100-299),6/30,Section 8,0,0,0,0,107,107,81.06,0,132,94,87.85,0,0,0,0,1339021,1348732,0,0,915,878,64,30.54,7.88,100.0,12780,6,Los Angeles,37.0,555211.0,2.0,2000.0,,,Los Angeles,37.0,91730.0,Long Beach-Lakewood,32506.0,Hawaiian Gardens city,C1,,4480.0,"Los Angeles-Long Beach, CA PMSA",31080.0,"Los Angeles-Long Beach-Anaheim, CA Metropolitan Statistical Area",99999.0,,1.0,0.0,0638,1590.0,Y,,21815 Pioneer Blvd,,Hawaiian Gardens,CA,90716.0,1237.0,,90716.0,15.0,8.0,90716123715.0,S,,,,0.0,,,,,100% Overall probable correctness,33.827651,-118.08201100000001,S,,R,U,** Street-Level Rooftop **,06037,632506.0,6037555211.0,60375552112.0,632506.0,2020/08/24 16,57,41+00,1137609,0500000US06037,"Los Angeles County, California",1791480,6379,528626,4288,29.50778127581664,06037
7,1919,-118.319699,33.805008,1919,CA139,Housing Authority of the City of Lomita,3103257110,3103254024.0,g.sugano@lomitacity.com,3103257110.0,,r.smoot@lomitacity.com,Standard Performer,SMALL (50-99),0,VERY SMALL (0-49),SMALL (50-99),6/30,Low-Rent,78,78,78,75,0,75,96.15,2,78,71,94.67,139945,139945,153580,153580,0,0,0,0,326,331,0,86.59,9.76,100.0,12023,6,Los Angeles,37.0,670001.0,2.0,2000.0,,,Los Angeles,37.0,92360.0,Palos Verdes,42468.0,Lomita city (part),C1,,4480.0,"Los Angeles-Long Beach, CA PMSA",31080.0,"Los Angeles-Long Beach-Anaheim, CA Metropolitan Statistical Area",99999.0,,1.0,0.0,0643,2058.0,Y,,24300 Narbonne Ave,,Lomita,CA,90717.0,1131.0,,90717.0,0.0,0.0,90717113100.0,S,,,,0.0,,,,,100% Overall probable correctness,33.805008,-118.319699,S,,R,U,** Street-Level Rooftop **,06037,642468.0,6037670001.0,60376700012.0,642468.0,2020/08/24 16,57,41+00,293524,0500000US06037,"Los Angeles County, California",1791480,6379,528626,4288,29.50778127581664,06037
8,1940,-118.18584399999999,33.771874,1940,CA068,City of Long Beach Housing Authority,5625706153,5624991061.0,alison.king@longbeach.gov,5625706153.0,5624991061.0,Alison.King@longbeach.gov,,,7543,"EXTRA LARGE (5,000+)","EXTRA LARGE (5,000+)",9/30,Section 8,0,0,0,0,6754,6754,89.54,0,7543,6714,99.4,0,0,0,0,90552626,71721729,0,0,1218,1098,3572,24.15,16.07,99.66,12780,6,Los Angeles,37.0,576200.0,3.0,3001.0,,,Los Angeles,37.0,91730.0,Long Beach-Lakewood,43000.0,Long Beach city,C1,,4480.0,"Los Angeles-Long Beach, CA PMSA",31080.0,"Los Angeles-Long Beach-Anaheim, CA Metropolitan Statistical Area",99999.0,,1.0,0.0,0647,2088.0,Y,,521 E 4th St,,Long Beach,CA,90802.0,2502.0,,90802.0,21.0,9.0,90802250221.0,S,,,,0.0,,,,,100% Overall probable correctness,33.771874,-118.18584399999999,S,,R,U,** Street-Level Rooftop **,06037,643000.0,6037576200.0,60375762003.0,643000.0,2020/08/24 16,57,41+00,89063559,0500000US06037,"Los Angeles County, California",1791480,6379,528626,4288,29.50778127581664,06037
9,1941,-118.150783,34.157070000000004,1941,CA079,City of Pasadena Housing Department,6267446701,6267448330.0,,6267446701.0,6267448330.0,alansing@cityofpasadena.net,,,1409,"LARGE (1,000-4,999)","LARGE (1,000-4,999)",6/30,Section 8,0,0,0,0,1281,1281,90.91,0,1409,1200,93.68,0,0,0,0,14090251,13188184,0,0,984,950,291,44.75,16.19,99.58,11563,6,Los Angeles,37.0,461901.0,2.0,2000.0,,,Los Angeles,37.0,92400.0,Pasadena,56000.0,Pasadena city,C1,,4480.0,"Los Angeles-Long Beach, CA PMSA",31080.0,"Los Angeles-Long Beach-Anaheim, CA Metropolitan Statistical Area",99999.0,,1.0,0.0,0627,2724.0,S,,649 N Fair Oaks Ave,,Pasadena,CA,91103.0,3383.0,,91103.0,49.0,6.0,91103338349.0,S,,,,1.0,,,A,,90% Overall probable correctness,34.157070000000004,-118.150783,S,,R,U,** Street-Level Rooftop **,06037,656000.0,6037461901.0,60374619012.0,656000.0,2020/08/24 16,57,41+00,14403902,0500000US06037,"Los Angeles County, California",1791480,6379,528626,4288,29.50778127581664,06037
10,1942,-118.24705900000001,34.14712,1942,CA114,Housing Authority of the City of Glendale,8185483936,8185483724.0,housing@glendaleca.gov,8185483936.0,8185483724.0,pzovak@glendaleca.gov,,,1621,"LARGE (1,000-4,999)","LARGE (1,000-4,999)",6/30,Section 8,0,0,0,0,1311,1311,80.88,0,1621,2702,100.0,0,0,0,0,16935365,15793092,0,0,2318,2171,108,74.48,7.85,99.85,11325,6,Los Angeles,37.0,302002.0,3.0,3007.0,,,Los Angeles,37.0,92785.0,San Fernando Valley,30000.0,Glendale city (part),C1,,4480.0,"Los Angeles-Long Beach, CA PMSA",31080.0,"Los Angeles-Long Beach-Anaheim, CA Metropolitan Statistical Area",99999.0,,1.0,0.0,0628,1464.0,Y,,141 N Glendale Ave Ste 202,,Glendale,CA,91206.0,4975.0,,91206.0,52.0,0.0,91206497552.0,H,202,Ste,,0.0,,,,,100% Overall probable correctness,34.14712,-118.24705900000001,S,,R,U,** Street-Level Rooftop **,06037,630000.0,6037302002.0,60373020023.0,630000.0,2020/08/24 16,57,41+00,35363207,0500000US06037,"Los Angeles County, California",1791480,6379,528626,4288,29.50778127581664,06037
11,1943,-118.90973500000001,34.187473,1943,CA092,Housing Authority of the County of Ventura,8054809991,8054801021.0,info@ahacv.org,8054809991.0,8054801021.0,execdirector@ahacv.org,High Performer,MEDIUM HIGH (300-999),2552,"LARGE (1,000-4,999)","LARGE (1,000-4,999)",6/30,Combined,355,350,354,345,2280,2625,90.45,4,2902,2655,100.0,968104,968104,1249612,1249612,29524208,28945816,0,0,1117,1047,1306,32.25,12.22,99.06,15198,6,Ventura,111.0,6100.0,1.0,1030.0,,,Ventura,111.0,93350.0,Thousand Oaks,78582.0,Thousand Oaks city (part),C1,,8735.0,"Ventura, CA PMSA",37100.0,"Oxnard-Thousand Oaks-Ventura, CA Metropolitan Statistical Area",99999.0,,1.0,0.0,0626,3732.0,Y,,1400 W Hillcrest Dr,,Newbury Park,CA,91320.0,2721.0,,91320.0,0.0,3.0,91320272100.0,S,,,,0.0,,,,,100% Overall probable correctness,34.187473,-118.90973500000001,S,,R,U,** Street-Level Rooftop **,06111,678582.0,6111006100.0,61110061001.0,678582.0,2020/08/24 16,57,41+00,33420402,0500000US06111,"Ventura County, California",99672,1663,26642,1318,26.72967332851754,06111
12,1944,-118.30801699999999,34.182672,1944,CA105,Housing Authority of the City of Burbank,8182385160,8182385159.0,mleyland@burbankca.gov,8182385800.0,,mleyland@burbankca.gov,,,1029,"LARGE (1,000-4,999)","LARGE (1,000-4,999)",6/30,Section 8,0,0,0,0,889,889,86.39,0,1029,844,94.94,0,0,0,0,9308362,8959549,0,0,981,901,53,71.26,8.08,99.64,11994,6,Los Angeles,37.0,310702.0,1.0,1020.0,,,Los Angeles,37.0,92785.0,San Fernando Valley,8954.0,Burbank city,C1,,4480.0,"Los Angeles-Long Beach, CA PMSA",31080.0,"Los Angeles-Long Beach-Anaheim, CA Metropolitan Statistical Area",99999.0,,1.0,0.0,0628,456.0,S,,150 N 3rd St,,Burbank,CA,91502.0,1264.0,,91502.0,50.0,5.0,91502126450.0,S,,,,2.0,,,A,,80% Overall probable correctness,34.182672,-118.30801699999999,S,,R,U,** Street-Level Rooftop **,06037,608954.0,6037310702.0,60373107021.0,608954.0,2020/08/24 16,57,41+00,9461832,0500000US06037,"Los Angeles County, California",1791480,6379,528626,4288,29.50778127581664,06037
13,1945,-117.959861,34.085035,1945,CA120,Housing Authority of the City of Baldwin Park,6269604011,6263372965.0,SRuelas@baldwinpark.com,6269604011.0,6263372965.0,bmartinez@baldwinpark.com,Standard Performer,VERY SMALL (0-49),899,MEDIUM HIGH (300-999),MEDIUM HIGH (300-999),6/30,Combined,12,12,12,12,471,483,53.02,0,911,493,100.0,27662,27662,22434,22434,6433695,6403957,0,0,1019,953,287,32.01,10.24,99.59,15612,6,Los Angeles,37.0,405201.0,3.0,3018.0,,,Los Angeles,37.0,90810.0,East San Gabriel Valley,3666.0,Baldwin Park city,C1,,4480.0,"Los Angeles-Long Beach, CA PMSA",31080.0,"Los Angeles-Long Beach-Anaheim, CA Metropolitan Statistical Area",99999.0,,1.0,0.0,0632,234.0,Y,,14403 Pacific Ave,,Baldwin Park,CA,91706.0,4226.0,,91706.0,3.0,0.0,91706422603.0,S,,,,0.0,,,,,100% Overall probable correctness,34.085035,-117.959861,S,,R,U,** Street-Level Rooftop **,06037,603666.0,6037405201.0,60374052013.0,603666.0,2020/08/24 16,57,41+00,4929295,0500000US06037,"Los Angeles County, California",1791480,6379,528626,4288,29.50778127581664,06037
14,2010,-122.152432,38.0573,2010,CA041,CITY OF BENICIA HSG AUTH,7077452071,7077458076.0,juliep@BeniciaHousingAuthority.org,7077452071.0,7077458076.0,juliep@BeniciaHousingAuthority.org,High Performer,SMALL (50-99),372,MEDIUM HIGH (300-999),MEDIUM HIGH (300-999),3/31,Combined,75,75,75,74,371,445,99.55,1,447,383,86.07,261405,261405,194783,194783,4364319,3630676,0,0,892,893,256,21.4,9.39,97.65,18852,6,Solano,95.0,252108.0,2.0,2007.0,,,Solano,95.0,93530.0,Vallejo,5290.0,Benicia city,C1,,8720.0,"Vallejo-Fairfield-Napa, CA PMSA",46700.0,"Vallejo, CA Metropolitan Statistical Area",99999.0,,1.0,0.0,0605,312.0,Y,,28 Riverhill Dr,,Benicia,CA,94510.0,2725.0,,94510.0,28.0,5.0,94510272528.0,S,,,,0.0,,,,,100% Overall probable correctness,38.0573,-122.152432,S,,R,U,** Street-Level Rooftop **,06095,605290.0,6095252108.0,60952521082.0,605290.0,2020/08/24 16,57,41+00,4426977,0500000US06095,"Solano County, California",58647,1070,15133,885,25.803536412774736,06095
15,2011,-122.04208100000001,38.250559,2011,CA065,City of Fairfield,7074287391,7074287391.0,nholloway@fairfield.ca.gov,7074287391.0,7074287391.0,nholloway@fairfield.ca.gov,,,887,MEDIUM HIGH (300-999),MEDIUM HIGH (300-999),6/30,Section 8,0,0,0,0,798,798,89.97,0,887,789,98.87,0,0,0,0,11008698,10590498,0,0,1081,992,587,19.48,17.47,98.61,13752,6,Solano,95.0,252502.0,1.0,1002.0,,,Solano,95.0,90950.0,Fairfield-Suisun City,23182.0,Fairfield city,C1,,8720.0,"Vallejo-Fairfield-Napa, CA PMSA",46700.0,"Vallejo, CA Metropolitan Statistical Area",99999.0,,1.0,0.0,0603,1266.0,Y,,823 Jefferson St Ste B,,Fairfield,CA,94533.0,5500.0,,94533.0,74.0,5.0,94533550074.0,H,B,Ste,,0.0,,,,,100% Overall probable correctness,38.250559,-122.04208100000001,S,,R,U,** Street-Level Rooftop **,06095,623182.0,6095252502.0,60952525021.0,623182.0,2020/08/24 16,57,41+00,9663059,0500000US06095,"Solano County, California",58647,1070,15133,885,25.803536412774736,06095
16,2012,-122.04179099999999,38.249053,2012,CA131,COUNTY OF SOLANO HSG AUTH,7074495675,7074496242.0,emily.cantu@cityofvacaville.com,7077846765.0,,emily.cantu@cityofvacaville.com,,,300,MEDIUM HIGH (300-999),MEDIUM HIGH (300-999),6/30,Section 8,0,0,0,0,250,250,83.33,0,300,247,98.8,0,0,0,0,2370033,2167422,0,0,840,827,144,22.06,16.39,100.0,14612,6,Solano,95.0,252502.0,1.0,1015.0,,,Solano,95.0,90950.0,Fairfield-Suisun City,23182.0,Fairfield city,C1,,8720.0,"Vallejo-Fairfield-Napa, CA PMSA",46700.0,"Vallejo, CA Metropolitan Statistical Area",99999.0,,1.0,0.0,0603,1266.0,Y,,675 Texas St Ste 5500,,Fairfield,CA,94533.0,6341.0,,94533.0,75.0,0.0,94533634175.0,H,5500,Ste,,2.0,,,,,80% Overall probable correctness,38.249053,-122.04179099999999,S,,R,U,** Street-Level Rooftop **,06095,623182.0,6095252502.0,60952525021.0,623182.0,2020/08/24 16,57,41+00,2391922,0500000US06095,"Solano County, California",58647,1070,15133,885,25.803536412774736,06095
17,2013,-122.08283300000001,37.667522999999996,2013,CA067,Housing Authority of the County of Alameda,5105388876,5107278554.0,chrisg@haca.net,5107278513.0,5107278554.0,kurtw@haca.net,High Performer,VERY SMALL (0-49),6709,"EXTRA LARGE (5,000+)","EXTRA LARGE (5,000+)",6/30,Combined,0,0,0,0,6065,6065,90.65,0,6691,6351,100.0,215016,215016,0,0,124805393,120876231,0,0,1923,1886,4073,18.86,13.94,98.8,16141,6,Alameda,1.0,435400.0,3.0,3020.0,,,Alameda,1.0,91260.0,Hayward,33000.0,Hayward city (part),C1,,5775.0,"Oakland, CA PMSA",41860.0,"San Francisco-Oakland-Berkeley, CA Metropolitan Statistical Area",99999.0,,1.0,0.0,0615,1602.0,Y,,22941 Atherton St,,Hayward,CA,94541.0,6633.0,,94541.0,41.0,4.0,94541663341.0,S,,,,0.0,,,,,100% Overall probable correctness,37.667522999999996,-122.08283300000001,S,,R,U,** Street-Level Rooftop **,06001,633000.0,6001435400.0,60014354003.0,633000.0,2020/08/24 16,57,41+00,134912964,0500000US06001,"Alameda County, California",267736,2179,62990,1462,23.526907102518898,06001
18,2014,-121.757791,37.68275,2014,CA074,HSG AUTH OF THE CITY OF LIVERMORE,9254473600,9254470942.0,,9254473600.0,9254470942.0,djon@livermoreha.org,High Performer,MEDIUM LOW (100-299),737,MEDIUM HIGH (300-999),MEDIUM HIGH (300-999),6/30,Combined,125,125,125,124,521,645,74.83,1,862,622,96.43,233864,233864,364701,364701,9132208,9130285,0,0,1300,1299,396,23.15,11.79,99.52,18744,6,Alameda,1.0,451503.0,4.0,4005.0,,,Alameda,1.0,91660.0,Livermore-Pleasanton,41992.0,Livermore city,C1,,5775.0,"Oakland, CA PMSA",41860.0,"San Francisco-Oakland-Berkeley, CA Metropolitan Statistical Area",99999.0,,1.0,0.0,0615,2034.0,Y,,3203 Leahy Way,,Livermore,CA,94550.0,3668.0,,94550.0,3.0,1.0,94550366803.0,S,,,,0.0,,,,,100% Overall probable correctness,37.68275,-121.757791,S,,R,U,** Street-Level Rooftop **,06001,641992.0,6001451503.0,60014515034.0,641992.0,2020/08/24 16,57,41+00,9755495,0500000US06001,"Alameda County, California",267736,2179,62990,1462,23.526907102518898,06001
19,2033,-122.12814499999999,38.001931,2033,CA011,Housing Authority of the County Contra Costa,9259578045,9253720236.0,ecampbell@contracostahousing.org,9259578011.0,9253720236.0,jvillarreal@contracostahousing.org,Substandard Financial,"LARGE (1,000-4,999)",9280,"EXTRA LARGE (5,000+)","EXTRA LARGE (5,000+)",3/31,Combined,1076,1058,1070,917,7893,8810,86.11,31,10231,9198,100.0,5592285,5592285,2919781,2919781,138147162,107864197,0,0,1657,1548,6955,16.59,15.62,99.43,14354,6,Contra Costa,13.0,319000.0,3.0,3022.0,,,Contra Costa,13.0,90440.0,Central Contra Costa,46114.0,Martinez city (part),C1,,5775.0,"Oakland, CA PMSA",41860.0,"San Francisco-Oakland-Berkeley, CA Metropolitan Statistical Area",99999.0,,1.0,0.0,0605,2208.0,Y,,3133 Estudillo St,,Martinez,CA,94553.0,3258.0,,94553.0,33.0,0.0,94553325833.0,S,,,,0.0,,,,,100% Overall probable correctness,38.001931,-122.12814499999999,S,,R,U,** Street-Level Rooftop **,06013,646114.0,6013319000.0,60133190003.0,646114.0,2020/08/24 16,57,41+00,160178127,0500000US06013,"Contra Costa County, California",134749,2097,34047,1389,25.266977862544433,06013
20,2034,-122.291141,38.298254,2034,CA073,HOUSING AUTHORITY OF THE CITY OF NAPA,7072579543,7072579239.0,lferrell@cityofnapa.org,,,,,,1413,"LARGE (1,000-4,999)","LARGE (1,000-4,999)",6/30,Section 8,0,0,0,0,1087,1087,76.93,0,1413,1124,100.0,0,0,0,0,12095627,10813825,0,0,1049,1000,561,25.16,19.98,99.2,14892,6,Napa,55.0,200202.0,1.0,1010.0,,,Napa,55.0,92070.0,Napa,50258.0,Napa city,C1,,8720.0,"Vallejo-Fairfield-Napa, CA PMSA",34900.0,"Napa, CA Metropolitan Statistical Area",99999.0,,1.0,0.0,0605,2406.0,Y,,1115 Seminary St,,Napa,CA,94559.0,2512.0,,94559.0,15.0,2.0,94559251215.0,S,,,,2.0,,,,,80% Overall probable correctness,38.298254,-122.291141,S,,R,U,** Street-Level Rooftop **,06055,650258.0,6055200202.0,60552002021.0,650258.0,2020/08/24 16,57,41+00,12973898,0500000US06055,"Napa County, California",17776,645,4246,363,23.886138613861384,06055
21,2035,-121.884203,38.028573,2035,CA060,CITY OF PITTSBURG HSG AUTH,9252524845,9254272715.0,bsmargiasso@ci.pittsburg.ca.us,9252524034.0,9252524851.0,gevans@ci.pittsburg.ca.us,,,1133,"LARGE (1,000-4,999)","LARGE (1,000-4,999)",6/30,Section 8,0,0,0,0,871,871,76.88,0,1133,979,100.0,0,0,0,0,16623082,16919504,0,0,1922,1762,809,12.65,14.77,99.59,16152,6,Contra Costa,13.0,310000.0,2.0,2007.0,,,Contra Costa,13.0,90080.0,Antioch-Pittsburg,57456.0,Pittsburg city (part),C1,,5775.0,"Oakland, CA PMSA",41860.0,"San Francisco-Oakland-Berkeley, CA Metropolitan Statistical Area",99999.0,,1.0,0.0,0611,2790.0,Y,,916 Cumberland St,,Pittsburg,CA,94565.0,2514.0,,94565.0,16.0,2.0,94565251416.0,S,,,,0.0,,,,,100% Overall probable correctness,38.028573,-121.884203,S,,R,U,** Street-Level Rooftop **,06013,657456.0,6013310000.0,60133100002.0,657456.0,2020/08/24 16,57,41+00,19371129,0500000US06013,"Contra Costa County, California",134749,2097,34047,1389,25.266977862544433,06013
22,2082,-119.79416499999999,36.737318,2082,CA006,Housing Authority City of Fresno,5594438400,5594438922.0,pprince@fresnohousing.org,5594458400.0,5594438981.0,pprince@fresnohousing.org,High Performer,MEDIUM HIGH (300-999),7306,"EXTRA LARGE (5,000+)","EXTRA LARGE (5,000+)",12/31,Combined,724,721,506,497,7051,7548,96.66,5,7809,7653,100.0,2121882,2121882,1920005,1920005,46806007,47770496,0,0,646,1098,9985,7.51,10.96,99.23,11531,6,Fresno,19.0,100.0,1.0,1024.0,,,Fresno,19.0,91080.0,Fresno,27000.0,Fresno city (part),C1,,2840.0,"Fresno, CA MSA",23420.0,"Fresno, CA Metropolitan Statistical Area",99999.0,,1.0,0.0,0616,1410.0,Y,,1331 Fulton St,,Fresno,CA,93721.0,1630.0,,93721.0,31.0,4.0,93721163031.0,S,,,,0.0,,,,,100% Overall probable correctness,36.737318,-119.79416499999999,S,,R,U,** Street-Level Rooftop **,06019,627000.0,6019000100.0,60190001001.0,627000.0,2020/08/24 16,57,41+00,103534894,0500000US06019,"Fresno County, California",143680,1727,42103,1380,29.303312917594653,06019
23,2103,-119.79416499999999,36.737318,2103,CA028,Housing Authority of Fresno County,5594438400,5594458922.0,pprince@fresnohousing.org,5594438400.0,5594458981.0,pprince@fresnohousing.org,High Performer,MEDIUM HIGH (300-999),5652,"EXTRA LARGE (5,000+)","EXTRA LARGE (5,000+)",12/31,Combined,592,589,585,559,5535,6094,97.76,23,6234,6167,100.0,2320748,2320748,1559845,1559845,32885080,35333889,0,0,635,620,8410,7.91,9.46,99.22,11564,6,Fresno,19.0,100.0,1.0,1024.0,,,Fresno,19.0,91080.0,Fresno,27000.0,Fresno city (part),C1,,2840.0,"Fresno, CA MSA",23420.0,"Fresno, CA Metropolitan Statistical Area",99999.0,,1.0,0.0,0616,1410.0,Y,,1331 Fulton St,,Fresno,CA,93721.0,1630.0,,93721.0,31.0,4.0,93721163031.0,S,,,,0.0,,,,,100% Overall probable correctness,36.737318,-119.79416499999999,S,,R,U,** Street-Level Rooftop **,06019,627000.0,6019000100.0,60190001001.0,627000.0,2020/08/24 16,57,41+00,47466807,0500000US06019,"Fresno County, California",143680,1727,42103,1380,29.303312917594653,06019
24,2104,-121.661927,36.683769,2104,CA033,Housing Authority of the County of Monterey,8317755000,8314240443.0,kmann@hamonterey.org,8317755022.0,8314240443.0,jgomez@hamonterey.org,Substandard Financial,VERY SMALL (0-49),4556,"LARGE (1,000-4,999)","LARGE (1,000-4,999)",6/30,Combined,0,0,0,0,3322,3322,72.91,0,4556,3366,100.0,497604,497604,770502,770502,38729096,31122402,0,0,1123,1046,2388,22.96,16.48,99.23,14736,6,Monterey,53.0,1801.0,2.0,2014.0,,,Monterey,53.0,92730.0,Salinas,64224.0,Salinas city,C1,,7120.0,"Salinas, CA MSA",41500.0,"Salinas, CA Metropolitan Statistical Area",99999.0,,1.0,0.0,0620,3162.0,Y,,123 Rico St,,Salinas,CA,93907.0,2157.0,,93907.0,23.0,2.0,93907215723.0,S,,,,0.0,,,,,100% Overall probable correctness,36.683769,-121.661927,S,,R,U,** Street-Level Rooftop **,06053,664224.0,6053001801.0,60530018012.0,664224.0,2020/08/24 16,57,41+00,41316162,0500000US06053,"Monterey County, California",61690,1002,14834,824,24.046036634786837,06053
25,2105,-122.26720300000001,37.521357,2105,CA014,Housing Authority of the County of San Mateo,6508023300,6508023373.0,kcole@smchousing.org,6508025024.0,6508023373.0,rhodges@smchousing.org,Standard Performer,VERY SMALL (0-49),4900,"LARGE (1,000-4,999)","LARGE (1,000-4,999)",6/30,Combined,0,0,0,0,4509,4509,92.02,0,4900,4493,99.64,10469,10469,379456,379456,105482913,104357950,0,0,1712,1575,2644,25.78,9.59,99.8,18380,6,San Mateo,81.0,609100.0,1.0,1011.0,,,San Mateo,81.0,92870.0,San Mateo,99999.0,Remainder of San Mateo CCD,99,,7360.0,"San Francisco, CA PMSA",41860.0,"San Francisco-Oakland-Berkeley, CA Metropolitan Statistical Area",99999.0,,1.0,0.0,0614,,S,,264 Harbor Blvd,,Belmont,CA,94002.0,4017.0,,94002.0,64.0,3.0,94002401764.0,S,,,,1.0,,,A,,90% Overall probable correctness,37.521357,-122.26720300000001,S,,R,U,** Street-Level Rooftop **,06081,699999.0,6081609100.0,60816091001.0,6081.0,2020/08/24 16,57,41+00,83335031,0500000US06081,"San Mateo County, California",105105,1268,25314,1124,24.084486941629798,06081
26,2106,-122.427773,37.650372999999995,2106,CA015,City of South San Francisco Housing Authority,6505837631,6505835932.0,sosfha@sbcglobal.net,6505837631.0,6505835932.0,sosfha@sbcglobal.net,High Performer,SMALL (50-99),0,VERY SMALL (0-49),SMALL (50-99),3/31,Low-Rent,80,80,80,78,0,78,97.5,2,80,77,98.72,8670,8670,211111,211111,0,0,0,0,235,229,42,25.51,5.1,96.1,36218,6,San Mateo,81.0,602300.0,1.0,1085.0,,,San Mateo,81.0,93170.0,South San Francisco,73262.0,South San Francisco city,C1,,7360.0,"San Francisco, CA PMSA",41860.0,"San Francisco-Oakland-Berkeley, CA Metropolitan Statistical Area",99999.0,,1.0,0.0,0614,3564.0,Y,,350 C St,,South San Francisco,CA,94080.0,4429.0,,94080.0,50.0,5.0,94080442950.0,S,,,,0.0,,,,,100% Overall probable correctness,37.650372999999995,-122.427773,S,,R,U,** Street-Level Rooftop **,06081,673262.0,6081602300.0,60816023001.0,673262.0,2020/08/24 16,57,41+00,219772,0500000US06081,"San Mateo County, California",105105,1268,25314,1124,24.084486941629798,06081
27,2107,-122.40008200000001,37.726815,2107,CA001,Housing Authority of the City & County of SF,4157153276,4157153201.0,ledijut@sfha.org,4157153276.0,,ledijut@sfha.org,Standard Performer,"LARGE (1,000-4,999)",14059,"EXTRA LARGE (5,000+)","EXTRA LARGE (5,000+)",9/30,Combined,2062,2043,1774,1443,12863,14306,91.18,43,15690,14237,99.52,16202345,16202345,8828685,8828685,282951106,287349704,0,0,2084,1907,5095,31.82,14.76,99.48,11968,6,San Francisco,75.0,23300.0,1.0,1003.0,,,San Francisco,75.0,92790.0,San Francisco,67000.0,San Francisco city,C1,,7360.0,"San Francisco, CA PMSA",41860.0,"San Francisco-Oakland-Berkeley, CA Metropolitan Statistical Area",99999.0,,1.0,0.0,0612,3228.0,Y,,1815 Egbert Ave,,San Francisco,CA,94124.0,2519.0,,94124.0,15.0,7.0,94124251915.0,S,,,,0.0,,,,,100% Overall probable correctness,37.726815,-122.40008200000001,S,,R,U,** Street-Level Rooftop **,06075,667000.0,6075023300.0,60750233001.0,667000.0,2020/08/24 16,57,41+00,325760386,0500000US06075,"San Francisco County, California",224398,1874,40916,1443,18.233674096917085,06075
28,2108,-122.275622,37.779955,2108,CA062,CITY OF ALAMEDA HOUSING AUTHORITY,5107474300,5105227848.0,hainfo@alamedahsg.org,5107474325.0,5105227848.0,hainfo@alamedahsg.org,Standard Performer,,1885,"LARGE (1,000-4,999)","LARGE (1,000-4,999)",6/30,Section 8,0,0,0,0,1464,1464,77.67,0,1885,1430,97.67,0,0,0,0,30371131,29596422,0,0,1857,1737,818,24.14,13.86,99.23,15946,6,Alameda,1.0,427300.0,5.0,5010.0,,,Alameda,1.0,90020.0,Alameda,562.0,Alameda city,C1,,5775.0,"Oakland, CA PMSA",41860.0,"San Francisco-Oakland-Berkeley, CA Metropolitan Statistical Area",99999.0,,1.0,0.0,0613,12.0,Y,,701 Atlantic Ave,,Alameda,CA,94501.0,2161.0,,94501.0,1.0,0.0,94501216101.0,S,,,,0.0,,,,,100% Overall probable correctness,37.779955,-122.275622,S,,R,U,** Street-Level Rooftop **,06001,600562.0,6001427300.0,60014273005.0,600562.0,2020/08/24 16,57,41+00,30675964,0500000US06001,"Alameda County, California",267736,2179,62990,1462,23.526907102518898,06001
29,2125,-120.6913,35.6528,2125,CA050,Housing Authority of the City of Paso Robles,8052384015,8052384036.0,dcooke@pasoroblesha.org,8052384015.0,,dcooke@pasoroblesha.org,High Performer,VERY SMALL (0-49),0,VERY SMALL (0-49),VERY SMALL (0-49),6/30,Low-Rent,0,0,0,0,0,0,0.0,0,0,0,-4.0,417102,417102,175366,175366,0,0,0,0,-4,-4,-4,-4.0,-4.0,-4.0,-4,6,San Luis Obispo,79.0,10102.0,2.0,,,,San Luis Obispo,79.0,92410.0,Paso Robles,22300.0,El Paso de Robles (Paso Robles) city (pa,C1,,9999.0,,42020.0,"San Luis Obispo-Paso Robles, CA Metropolitan Statistical Area",99999.0,,1.0,0.0,0624,1158.0,Y,,901 30th St,,Paso Robles,CA,93446.0,1314.0,,93446.0,1.0,4.0,93446131401.0,S,,,,0.0,,,,,100% Overall probable correctness,35.6528,-120.6913,9,H,B,R,**  Centroid Lat/Long   **,06079,622300.0,6079010102.0,60790101022.0,622300.0,2020/08/24 16,57,41+00,-4,0500000US06079,"San Luis Obispo County, California",41331,1122,10865,619,26.287774309840074,06079
30,2126,-120.062454,36.961658,2126,CA069,Housing Authority of the City of Madera,5596745695,5596745701.0,linda@maderaha.org,5596745695.0,,sally@maderaha.org,Standard Performer,MEDIUM LOW (100-299),795,MEDIUM HIGH (300-999),"LARGE (1,000-4,999)",6/30,Combined,244,244,244,243,762,1005,96.73,1,1039,1016,100.0,732286,732286,721902,721902,5581673,5538328,0,0,572,568,1682,7.72,6.76,98.62,14160,6,Madera,39.0,800.0,2.0,2025.0,,,Madera,39.0,91830.0,Madera,45022.0,Madera city,C1,,2840.0,"Fresno, CA MSA",31460.0,"Madera, CA Metropolitan Statistical Area",99999.0,,1.0,0.0,0616,2166.0,Y,,205 N G St,,Madera,CA,93637.0,3512.0,,93637.0,5.0,6.0,93637351205.0,S,,,,2.0,,,,,80% Overall probable correctness,36.961658,-120.062454,S,,R,U,** Street-Level Rooftop **,06039,645022.0,6039000800.0,60390008002.0,645022.0,2020/08/24 16,57,41+00,6753369,0500000US06039,"Madera County, California",16132,812,3761,485,23.313910240515746,06039
31,2130,-118.28153,34.06035,2130,CA004,Housing Authority of the City of Los Angeles,2132522500,2132348946.0,douglas.guthrie@hacla.org,2132521810.0,,douglas.guthrie@hacla.org,High Performer,"EXTRA LARGE (5,000+)",51141,"EXTRA LARGE (5,000+)","EXTRA LARGE (5,000+)",12/31,Combined,7116,7107,6864,6696,43868,50566,87.58,67,57739,48686,96.28,21331896,21331896,21144635,21144635,480302554,540505606,0,0,1043,993,29356,21.97,13.72,99.03,12042,6,Los Angeles,37.0,208720.0,2.0,2002.0,,,Los Angeles,37.0,91750.0,Los Angeles,44000.0,Los Angeles city (part),C1,,4480.0,"Los Angeles-Long Beach, CA PMSA",31080.0,"Los Angeles-Long Beach-Anaheim, CA Metropolitan Statistical Area",99999.0,,1.0,0.0,0634,2118.0,D,,2600 Wilshire Blvd,,Los Angeles,CA,90057.0,3400.0,,90057.0,99.0,4.0,90057340099.0,H,1SUD,,,0.0,,,N,,100% Overall probable correctness,34.06035,-118.28153,S,,R,U,** Street-Level Rooftop **,06037,644000.0,6037208720.0,60372087202.0,644000.0,2020/08/24 16,57,41+00,613541770,0500000US06037,"Los Angeles County, California",1791480,6379,528626,4288,29.50778127581664,06037
32,2160,-118.20563,33.955837,2160,CA119,Housing Authority of the City of South Gate,3235639585,3235670725.0,vgarcia@sogate.org,3235639585.0,3235635358.0,vgarcia@sogate.org,,,654,MEDIUM HIGH (300-999),MEDIUM HIGH (300-999),6/30,Section 8,0,0,0,0,397,397,60.71,0,654,409,100.0,0,0,0,0,4331125,4059975,0,0,980,960,108,43.47,9.94,99.27,11808,6,Los Angeles,37.0,535702.0,3.0,3007.0,,,Los Angeles,37.0,93155.0,South Gate-East Los Angeles,73080.0,South Gate city,C1,,4480.0,"Los Angeles-Long Beach, CA PMSA",31080.0,"Los Angeles-Long Beach-Anaheim, CA Metropolitan Statistical Area",99999.0,,1.0,0.0,0644,3528.0,Y,,8650 California Ave,,South Gate,CA,90280.0,3004.0,,90280.0,50.0,9.0,90280300450.0,S,,,,0.0,,,,,100% Overall probable correctness,33.955837,-118.20563,S,,R,U,** Street-Level Rooftop **,06037,673080.0,6037535702.0,60375357023.0,673080.0,2020/08/24 16,57,41+00,4690095,0500000US06037,"Los Angeles County, California",1791480,6379,528626,4288,29.50778127581664,06037
33,2161,-118.355052,33.961903,2161,CA082,Housing Authority of the City of Inglewood,3104125221,3104125188.0,cflournoy@cityofinglewood.org,3104128701.0,,dlesparza@cityofinglewood.org,,,1052,"LARGE (1,000-4,999)","LARGE (1,000-4,999)",9/30,Section 8,0,0,0,0,843,843,80.14,0,1052,1186,100.0,0,0,0,0,11235520,9641018,0,0,1690,1573,452,24.96,18.37,99.83,11640,6,Los Angeles,37.0,601211.0,1.0,1013.0,,,Los Angeles,37.0,91400.0,Inglewood,36546.0,Inglewood city (part),C1,,4480.0,"Los Angeles-Long Beach, CA PMSA",31080.0,"Los Angeles-Long Beach-Anaheim, CA Metropolitan Statistical Area",99999.0,,1.0,0.0,0643,1740.0,S,,1 W Manchester Blvd,,Inglewood,CA,90301.0,1764.0,,90301.0,1.0,8.0,90301176401.0,S,,,,2.0,N,,A,,80% Overall probable correctness,33.961903,-118.355052,S,,R,U,** Street-Level Rooftop **,06037,636546.0,6037601211.0,60376012111.0,636546.0,2020/08/24 16,57,41+00,16707793,0500000US06037,"Los Angeles County, California",1791480,6379,528626,4288,29.50778127581664,06037
34,2162,-118.489457,34.007965999999996,2162,CA111,Housing Authority of the City of Santa Monica,3104588743,3102647757.0,barbara.collins@smgov.net,3104582647.0,,James.kemper@smgov.net,,,1508,"LARGE (1,000-4,999)","LARGE (1,000-4,999)",6/30,Section 8,0,0,0,0,1234,1234,81.83,0,1508,1260,100.0,0,0,0,0,19081099,13726155,0,0,1303,1277,183,52.93,14.04,99.84,11922,6,Los Angeles,37.0,702002.0,1.0,1003.0,,,Los Angeles,37.0,92920.0,Santa Monica,70000.0,Santa Monica city,C1,,4480.0,"Los Angeles-Long Beach, CA PMSA",31080.0,"Los Angeles-Long Beach-Anaheim, CA Metropolitan Statistical Area",99999.0,,1.0,0.0,0633,3384.0,Y,,1901 Main St Fl 1,,Santa Monica,CA,90405.0,1081.0,,90405.0,1.0,1.0,90405108101.0,H,1,Fl,,0.0,,,,,100% Overall probable correctness,34.007965999999996,-118.489457,S,,R,U,** Street-Level Rooftop **,06037,670000.0,6037702002.0,60377020021.0,670000.0,2020/08/24 16,57,41+00,15537638,0500000US06037,"Los Angeles County, California",1791480,6379,528626,4288,29.50778127581664,06037
35,2163,-118.34036699999999,33.836548,2163,CA121,Housing Authority of the City of Torrance,3106185840,3106182429.0,drichardson@torrnet.com,3106185880.0,,drichardson@TorranceCA.Gov,,,690,MEDIUM HIGH (300-999),MEDIUM HIGH (300-999),6/30,Section 8,0,0,0,0,530,530,76.81,0,690,512,96.6,0,0,0,0,6162415,6019589,0,0,1050,965,159,40.7,10.07,99.41,14832,6,Los Angeles,37.0,650401.0,1.0,1017.0,,,Los Angeles,37.0,93380.0,Torrance,80000.0,Torrance city,C1,,4480.0,"Los Angeles-Long Beach, CA PMSA",31080.0,"Los Angeles-Long Beach-Anaheim, CA Metropolitan Statistical Area",99999.0,,1.0,0.0,0633,3744.0,Y,,3031 Torrance Blvd,,Torrance,CA,90503.0,5015.0,,90503.0,31.0,8.0,90503501531.0,S,,,,0.0,,,,,100% Overall probable correctness,33.836548,-118.34036699999999,S,,R,U,** Street-Level Rooftop **,06037,680000.0,6037650401.0,60376504011.0,680000.0,2020/08/24 16,57,41+00,6239989,0500000US06037,"Los Angeles County, California",1791480,6379,528626,4288,29.50778127581664,06037
36,2207,-122.38104399999999,40.574262,2207,CA106,HOUSING AUTHORITY OF THE CITY OF REDDING,5302254048,5302254126.0,RHAExecutiveDirector@cityofredding.org,5302254028.0,5302254126.0,RHAEXECUTIVEDIRECTOR@CITYOFREDDING.ORG,,,1633,"LARGE (1,000-4,999)","LARGE (1,000-4,999)",6/30,Section 8,0,0,0,0,1547,1547,94.74,0,1633,1577,100.0,0,0,0,0,7656610,7398063,0,0,501,485,1181,18.0,21.04,99.24,12288,6,Shasta,89.0,10400.0,1.0,1001.0,,,Shasta,89.0,92568.0,Redding CCD,59920.0,Redding city,C1,,6690.0,"Redding, CA MSA",39820.0,"Redding, CA Metropolitan Statistical Area",99999.0,,1.0,0.0,0601,2958.0,Y,,777 Cypress Ave,,Redding,CA,96001.0,2718.0,,96001.0,77.0,2.0,96001271877.0,S,,,,0.0,,,,,100% Overall probable correctness,40.574262,-122.38104399999999,S,,R,U,** Street-Level Rooftop **,06089,659920.0,6089010400.0,60890104001.0,659920.0,2020/08/24 16,57,41+00,8642654,0500000US06089,"Shasta County, California",25752,798,7509,550,29.158900279589933,06089
37,2241,-117.340672,33.164398,2241,CA077,Carlsbad Housing & Neighborhood Services,7604342810,7607202037.0,bobbi.nunn@carlsbadca.gov,7604342811.0,7607202037.0,bobbi.nunn@carlsbadca.gov,,,731,MEDIUM HIGH (300-999),MEDIUM HIGH (300-999),6/30,Section 8,0,0,0,0,501,501,68.54,0,731,469,93.62,0,0,0,0,7335949,6698481,0,0,1149,1099,130,34.37,16.78,99.79,13608,6,San Diego,73.0,17801.0,1.0,1009.0,,,San Diego,73.0,92240.0,Oceanside-Escondido,11194.0,Carlsbad city (part),C1,,7320.0,"San Diego, CA MSA",41740.0,"San Diego-Chula Vista-Carlsbad, CA Metropolitan Statistical Area",99999.0,,1.0,0.0,0649,564.0,Y,,1200 Carlsbad Village Dr,,Carlsbad,CA,92008.0,1949.0,,92008.0,0.0,8.0,92008194900.0,S,,,,0.0,,,,,100% Overall probable correctness,33.164398,-117.340672,S,,R,U,** Street-Level Rooftop **,06073,611194.0,6073017801.0,60730178011.0,611194.0,2020/08/24 16,57,41+00,6633674,0500000US06073,"San Diego County, California",525090,3504,144189,2566,27.45986402331029,06073
38,2242,-117.292345,33.04553,2242,CA155,Housing Authority of the City of Encinitas,7606332723,7604527775.0,knoel@encinitasca.gov,7606332753.0,,housing@encinitasca.gov,,,136,MEDIUM LOW (100-299),MEDIUM LOW (100-299),6/30,Section 8,0,0,0,0,96,96,70.59,0,136,106,100.0,0,0,0,0,1150456,1054059,0,0,1185,1125,14,50.32,13.55,100.0,15420,6,San Diego,73.0,17501.0,1.0,1009.0,,,San Diego,73.0,92780.0,San Diego,22678.0,Encinitas city (part),C1,,7320.0,"San Diego, CA MSA",41740.0,"San Diego-Chula Vista-Carlsbad, CA Metropolitan Statistical Area",99999.0,,1.0,0.0,0649,1212.0,Y,,505 S Vulcan Ave,,Encinitas,CA,92024.0,3633.0,,92024.0,5.0,3.0,92024363305.0,S,,,,0.0,,,,,100% Overall probable correctness,33.04553,-117.292345,S,,R,U,** Street-Level Rooftop **,06073,622678.0,6073017501.0,60730175011.0,622678.0,2020/08/24 16,57,41+00,1282858,0500000US06073,"San Diego County, California",525090,3504,144189,2566,27.45986402331029,06073
39,2243,-117.378294,33.198192999999996,2243,CA132,City of Oceanside Community Development Comm,7604353360,7607548918.0,ahanifin@oceansideca.org,7604353363.0,7604356363.0,ahanifin@oceansideca.org,,,1563,"LARGE (1,000-4,999)","LARGE (1,000-4,999)",6/30,Section 8,0,0,0,0,1426,1426,91.24,0,1563,1551,100.0,0,0,0,0,20140778,17946313,0,0,1424,1314,1251,20.66,11.92,99.42,15544,6,San Diego,73.0,18400.0,2.0,2026.0,,,San Diego,73.0,92240.0,Oceanside-Escondido,53322.0,Oceanside city,C1,,7320.0,"San Diego, CA MSA",41740.0,"San Diego-Chula Vista-Carlsbad, CA Metropolitan Statistical Area",99999.0,,1.0,0.0,0649,2532.0,Y,,321 N Nevada St,,Oceanside,CA,92054.0,2811.0,,92054.0,21.0,5.0,92054281121.0,S,,,,0.0,,,,,100% Overall probable correctness,33.198192999999996,-117.378294,S,,R,U,** Street-Level Rooftop **,06073,653322.0,6073018400.0,60730184002.0,653322.0,2020/08/24 16,57,41+00,21454367,0500000US06073,"San Diego County, California",525090,3504,144189,2566,27.45986402331029,06073
40,2244,-117.15438,32.715918,2244,CA063,San Diego Housing Commission,6192319400,6195787375.0,sdhcinfo@sdhc.org,6195787531.0,,HUD-Info@sdhc.org,High Performer,MEDIUM LOW (100-299),15704,"EXTRA LARGE (5,000+)","EXTRA LARGE (5,000+)",6/30,Combined,189,189,189,182,15214,15396,97.04,5,15866,15704,100.0,388597,388597,350866,350866,196443028,178838942,0,0,755,656,10891,22.17,12.97,99.71,13632,6,San Diego,73.0,5200.0,2.0,2011.0,,,San Diego,73.0,92780.0,San Diego,66000.0,San Diego city (part),C1,,7320.0,"San Diego, CA MSA",41740.0,"San Diego-Chula Vista-Carlsbad, CA Metropolitan Statistical Area",99999.0,,1.0,0.0,0652,3210.0,Y,,1122 Broadway Ste 300,,San Diego,CA,92101.0,5629.0,,92101.0,75.0,3.0,92101562975.0,H,300,Ste,,0.0,,,,,100% Overall probable correctness,32.715918,-117.15438,S,,R,U,** Street-Level Rooftop **,06073,666000.0,6073005200.0,60730052002.0,666000.0,2020/08/24 16,57,41+00,118024477,0500000US06073,"San Diego County, California",525090,3504,144189,2566,27.45986402331029,06073
41,2245,-117.122142,32.815129,2245,CA108,Housing Authority of the County of San Diego,8586944801,8584679713.0,hcds.hhsa@sdcounty.ca.gov,8586948750.0,8586944871.0,David.Estrella@sdcounty.ca.gov,High Performer,MEDIUM LOW (100-299),12208,"EXTRA LARGE (5,000+)","EXTRA LARGE (5,000+)",6/30,Combined,121,121,121,112,10253,10365,84.72,5,12235,10077,97.22,220076,220076,263399,263399,140101056,124331057,0,0,1251,1139,6564,22.15,14.56,99.59,13740,6,San Diego,73.0,8511.0,1.0,1136.0,,,San Diego,73.0,92780.0,San Diego,66000.0,San Diego city (part),C1,,7320.0,"San Diego, CA MSA",41740.0,"San Diego-Chula Vista-Carlsbad, CA Metropolitan Statistical Area",99999.0,,1.0,0.0,0652,3210.0,Y,,3989 Ruffin Rd,,San Diego,CA,92123.0,1815.0,,92123.0,89.0,1.0,92123181589.0,S,,,,0.0,,,,,100% Overall probable correctness,32.815129,-117.122142,S,,R,U,** Street-Level Rooftop **,06073,666000.0,6073008511.0,60730085111.0,666000.0,2020/08/24 16,57,41+00,138441453,0500000US06073,"San Diego County, California",525090,3504,144189,2566,27.45986402331029,06073
42,2246,-115.51963400000001,32.980703000000005,2246,CA143,Imperial Valley Housing Authority,7603517000,7603449712.0,aroark@ivha.org,7603517000.0,,kmann@ivha.org,Standard Performer,MEDIUM HIGH (300-999),1726,"LARGE (1,000-4,999)","LARGE (1,000-4,999)",6/30,Combined,511,511,511,509,1641,2150,96.11,2,2237,2179,100.0,1743328,1743328,1355537,1355537,7527071,7449552,0,0,456,465,2077,18.4,7.26,99.27,12096,6,Imperial,25.0,10400.0,1.0,1013.0,,,Imperial,25.0,90260.0,Brawley,8058.0,Brawley city,C1,,9999.0,,20940.0,"El Centro, CA Metropolitan Statistical Area",99999.0,,1.0,0.0,0651,414.0,Y,,1402 D St,,Brawley,CA,92227.0,2117.0,,92227.0,2.0,5.0,92227211702.0,S,,,,0.0,,,,,100% Overall probable correctness,32.980703000000005,-115.51963400000001,S,,R,U,** Street-Level Rooftop **,06025,608058.0,6025010400.0,60250104001.0,608058.0,2020/08/24 16,57,41+00,11908058,0500000US06025,"Imperial County, California",18340,924,4904,547,26.73936750272628,06025
43,2253,-122.610299,38.910495000000004,2253,CA144,Lake County Housing Commission,7079953744,7079942642.0,lakesection8@dss.co.lake.ca.us,7079954200.0,7079954253.0,lakesection8@dss.co.lake.ca.us,,,239,MEDIUM LOW (100-299),MEDIUM LOW (100-299),6/30,Section 8,0,0,0,0,204,204,85.35,0,239,255,100.0,0,0,0,0,1522781,1530648,0,0,807,799,132,18.9,29.72,98.82,11412,6,Lake,33.0,1200.0,3.0,3020.0,,,Lake,33.0,91775.0,Lower Lake CCD,44350.0,Lower Lake CDP,U1,,9999.0,,17340.0,"Clearlake, CA Micropolitan Statistical Area",99999.0,,0.0,1.0,0605,2134.0,S,,16170 Main St,,Lower Lake,CA,95457.0,7603.0,,95457.0,70.0,7.0,95457760370.0,S,,,,2.0,,,A,,80% Overall probable correctness,38.910495000000004,-122.610299,S,,R,U,** Street-Level Rooftop **,06033,644350.0,6033001200.0,60330012003.0,6033.0,2020/08/24 16,57,41+00,1974566,0500000US06033,"Lake County, California",8809,596,2311,299,26.234532864116243,06033
44,2272,-123.210477,39.164069,2272,CA084,MENDOCINO COUNTY,7074635462,7074634188.0,crabtret@cdchousing.org,7074635462.0,7074634188.0,CrabtreT@cdchousing.org,Standard Performer,VERY SMALL (0-49),1224,"LARGE (1,000-4,999)","LARGE (1,000-4,999)",9/30,Combined,0,0,0,0,915,915,74.75,0,1224,906,99.02,31159,31159,0,0,7269427,6836750,0,0,718,695,491,22.15,21.61,98.57,11594,6,Mendocino,45.0,11500.0,2.0,2015.0,,,Mendocino,45.0,93490.0,Ukiah,81134.0,Ukiah city,C1,,9999.0,,46380.0,"Ukiah, CA Micropolitan Statistical Area",99999.0,,0.0,1.0,0602,3840.0,Y,,1076 N State St,,Ukiah,CA,95482.0,3414.0,,95482.0,76.0,7.0,95482341476.0,S,,,,0.0,,,,,100% Overall probable correctness,39.164069,-123.210477,S,,R,U,** Street-Level Rooftop **,06045,681134.0,6045011500.0,60450115002.0,681134.0,2020/08/24 16,57,41+00,7447822,0500000US06045,"Mendocino County, California",13917,617,4000,411,28.741826543076815,06045
45,2273,-124.178172,40.779849,2273,CA086,COUNTY OF HUMBOLDT HSG AUTH,7074434583,7074434762.0,cherylc@eureka-humboldt-hsg.org,7074434583.0,7074434762.0,cherylr@eureka-humboldt-hsg.org,,,1317,"LARGE (1,000-4,999)","LARGE (1,000-4,999)",12/31,Section 8,0,0,0,0,856,856,65.0,0,1317,889,100.0,0,0,0,0,4827482,5636969,0,0,619,590,385,27.06,22.68,98.09,11566,6,Humboldt,23.0,300.0,3.0,3002.0,,,Humboldt,23.0,90930.0,Eureka,23042.0,Eureka city (part),C1,,9999.0,,21700.0,"Eureka-Arcata, CA Micropolitan Statistical Area",99999.0,,0.0,1.0,0602,1248.0,Y,,735 W Everding St,,Eureka,CA,95503.0,5007.0,,95503.0,35.0,8.0,95503500735.0,S,,,,0.0,,,,,100% Overall probable correctness,40.779849,-124.178172,S,,R,U,** Street-Level Rooftop **,06023,623042.0,6023000300.0,60230003003.0,623042.0,2020/08/24 16,57,41+00,6162343,0500000US06023,"Humboldt County, California",23414,897,7140,632,30.494575894763816,06023
46,2274,-124.178172,40.779849,2274,CA025,City of Eureka Housing Authority,7074434583,7074434762.0,cherylc@eureka-humboldt-hsg.org,7074434583.0,7074434762.0,cherylr@eureka-humboldt-hsg.org,Standard Performer,MEDIUM LOW (100-299),0,VERY SMALL (0-49),MEDIUM LOW (100-299),12/31,Low-Rent,198,196,198,191,0,191,97.45,5,196,190,99.47,305042,305042,568918,568918,0,0,0,0,381,385,239,8.41,14.68,93.16,16222,6,Humboldt,23.0,300.0,3.0,3002.0,,,Humboldt,23.0,90930.0,Eureka,23042.0,Eureka city (part),C1,,9999.0,,21700.0,"Eureka-Arcata, CA Micropolitan Statistical Area",99999.0,,0.0,1.0,0602,1248.0,Y,,735 W Everding St,,Eureka,CA,95503.0,5007.0,,95503.0,35.0,8.0,95503500735.0,S,,,,0.0,,,,,100% Overall probable correctness,40.779849,-124.178172,S,,R,U,** Street-Level Rooftop **,06023,623042.0,6023000300.0,60230003003.0,623042.0,2020/08/24 16,57,41+00,873943,0500000US06023,"Humboldt County, California",23414,897,7140,632,30.494575894763816,06023
47,2275,-124.197244,41.7518,2275,CA061,CRESCENT CITY HSG AUTH,7074649216,7074642692.0,,7074649216.0,7074652692.0,mmiller@crescentcity.org,,,619,MEDIUM HIGH (300-999),MEDIUM HIGH (300-999),6/30,Section 8,0,0,0,0,566,566,91.43,0,619,569,100.0,0,0,0,0,3275232,3087109,0,0,542,502,535,11.88,17.36,97.89,11864,6,Del Norte,15.0,101.0,1.0,1077.0,,,Del Norte,15.0,90620.0,Crescent City,17022.0,Crescent City city,C1,,9999.0,,18860.0,"Crescent City, CA Micropolitan Statistical Area",99999.0,,0.0,1.0,0602,870.0,Y,,235 H St,,Crescent City,CA,95531.0,4322.0,,95531.0,35.0,8.0,95531432235.0,S,,,,0.0,,,,,100% Overall probable correctness,41.7518,-124.197244,S,,R,U,** Street-Level Rooftop **,06015,617022.0,6015000101.0,60150001011.0,617022.0,2020/08/24 16,57,41+00,3538887,0500000US06015,"Del Norte County, California",3684,414,912,195,24.7557003257329,06015
48,2309,-122.25958100000001,38.101321,2309,CA055,HOUSING AUTHORITY OF THE CITY OF VALLEJO,7076484507,7076485249.0,latanya.terrones@cityofvallejo.net,7076484408.0,,judy.shepard-hall@cityofvallejo.net,,,2348,"LARGE (1,000-4,999)","LARGE (1,000-4,999)",6/30,Section 8,0,0,0,0,1748,1748,74.45,0,2348,1637,93.65,0,0,0,0,23254523,22759788,0,0,944,937,1387,13.43,16.24,98.11,14064,6,Solano,95.0,250900.0,2.0,2004.0,,,Solano,95.0,93530.0,Vallejo,81666.0,Vallejo city (part),C1,,8720.0,"Vallejo-Fairfield-Napa, CA PMSA",46700.0,"Vallejo, CA Metropolitan Statistical Area",99999.0,,1.0,0.0,0605,3876.0,Y,,200 Georgia St,,Vallejo,CA,94590.0,5930.0,,94590.0,0.0,6.0,94590593000.0,S,,,,0.0,,,,,100% Overall probable correctness,38.101321,-122.25958100000001,S,,R,U,** Street-Level Rooftop **,06095,681666.0,6095250900.0,60952509002.0,681666.0,2020/08/24 16,57,41+00,20196710,0500000US06095,"Solano County, California",58647,1070,15133,885,25.803536412774736,06095
49,2310,-122.26668000000001,37.804769,2310,CA003,Oakland Housing Authority,5108741500,5108741674.0,executiveoffice@oakha.org,5108741516.0,5108741674.0,Pwells@oakha.org,Standard Performer,"LARGE (1,000-4,999)",13682,"EXTRA LARGE (5,000+)","EXTRA LARGE (5,000+)",6/30,Combined,2122,2118,1606,1407,11777,13183,87.12,30,15133,13363,100.0,9663428,9663428,10824566,10824566,244046258,244591921,0,0,1526,1484,8775,19.92,12.57,99.15,13841,6,Alameda,1.0,402900.0,1.0,1029.0,,,Alameda,1.0,92230.0,Oakland,53000.0,Oakland city,C1,,5775.0,"Oakland, CA PMSA",41860.0,"San Francisco-Oakland-Berkeley, CA Metropolitan Statistical Area",99999.0,,1.0,0.0,0613,2508.0,Y,,1619 Harrison St,,Oakland,CA,94612.0,3307.0,,94612.0,19.0,5.0,94612330719.0,S,,,,0.0,,,,,100% Overall probable correctness,37.804769,-122.26668000000001,S,,R,U,** Street-Level Rooftop **,06001,653000.0,6001402900.0,60014029001.0,653000.0,2020/08/24 16,57,41+00,228685342,0500000US06001,"Alameda County, California",267736,2179,62990,1462,23.526907102518898,06001
50,2311,-122.272101,37.871463,2311,CA058,BERKELEY HOUSING AUTHORITY,5109815470,5109815480.0,wwilkins@ci.berkeley.ca.us,5109815485.0,5107040581.0,rgonzales-levine@cityofberkeley.info,Standard Performer,,2015,"LARGE (1,000-4,999)","LARGE (1,000-4,999)",6/30,Section 8,0,0,0,0,1546,1546,76.73,0,2015,1491,96.44,0,0,0,0,35803769,34361642,0,0,1641,1648,649,28.33,17.54,99.26,12837,6,Alameda,1.0,422900.0,2.0,2005.0,,,Alameda,1.0,90200.0,Berkeley,6000.0,Berkeley city,C1,,5775.0,"Oakland, CA PMSA",41860.0,"San Francisco-Oakland-Berkeley, CA Metropolitan Statistical Area",99999.0,,1.0,0.0,0613,324.0,Y,,1936 University Ave Ste 150,,Berkeley,CA,94704.0,1003.0,,94704.0,25.0,5.0,94704100325.0,H,150,Ste,,0.0,,,,,100% Overall probable correctness,37.871463,-122.272101,S,,R,U,** Street-Level Rooftop **,06001,606000.0,6001422900.0,60014229002.0,606000.0,2020/08/24 16,57,41+00,30937463,0500000US06001,"Alameda County, California",267736,2179,62990,1462,23.526907102518898,06001
51,2312,-122.34602,37.936099,2312,CA010,Housing Authority of the City of Richmond,5106211303,5102375230.0,NBeacham@rhaca.org,5106211303.0,5102375230.0,NBeacham@rhaca.org,Substandard Financial,MEDIUM HIGH (300-999),0,VERY SMALL (0-49),MEDIUM HIGH (300-999),6/30,Low-Rent,559,558,559,339,0,339,82.89,65,409,272,80.23,1609241,1609241,1038543,1038543,0,24581485,0,0,651,636,141,20.99,15.23,99.26,11916,6,Contra Costa,13.0,374000.0,3.0,3014.0,,,Contra Costa,13.0,93620.0,West Contra Costa,60620.0,Richmond city (part),C1,,5775.0,"Oakland, CA PMSA",41860.0,"San Francisco-Oakland-Berkeley, CA Metropolitan Statistical Area",99999.0,,1.0,0.0,0611,3000.0,Y,,330 24th St,,Richmond,CA,94804.0,1725.0,,94804.0,30.0,7.0,94804172530.0,S,,,,0.0,,,,,100% Overall probable correctness,37.936099,-122.34602,S,,R,U,** Street-Level Rooftop **,06013,660620.0,6013374000.0,60133740003.0,660620.0,2020/08/24 16,57,41+00,2647799,0500000US06013,"Contra Costa County, California",134749,2097,34047,1389,25.266977862544433,06013
52,2313,-122.539189,38.005265,2313,CA052,HOUSING AUTHORITY OF COUNTY OF MARIN,4154912525,4154793305.0,KCarroll@marinhousing.org,4154912530.0,4154793305.0,LJordan@marinhousing.org,Standard Performer,MEDIUM HIGH (300-999),2265,"LARGE (1,000-4,999)","LARGE (1,000-4,999)",12/31,Combined,496,493,496,479,2081,2560,92.82,12,2758,2560,100.0,3670821,3670821,1186193,1186193,39535149,43204226,0,0,1764,1697,1049,28.18,18.78,99.96,13038,6,Marin,41.0,106001.0,2.0,2015.0,,,Marin,41.0,92880.0,San Rafael,68364.0,San Rafael city (part),C1,,7360.0,"San Francisco, CA PMSA",41860.0,"San Francisco-Oakland-Berkeley, CA Metropolitan Statistical Area",99999.0,,1.0,0.0,0602,3324.0,Y,,4020 Civic Center Dr,,San Rafael,CA,94903.0,4173.0,,94903.0,20.0,8.0,94903417320.0,S,,,,0.0,,,,,100% Overall probable correctness,38.005265,-122.539189,S,,R,U,** Street-Level Rooftop **,06041,668364.0,6041106001.0,60411060012.0,668364.0,2020/08/24 16,57,41+00,52001472,0500000US06041,"Marin County, California",38058,924,9943,700,26.125913080035733,06041
53,2331,-119.182548,34.19833,2331,CA031,Housing Authority of the City of Oxnard,8053858094,8053857969.0,emilio.ramirez@oxnard.org,8053858094.0,8053857969.0,emilio.ramirez@oxnard.org,High Performer,MEDIUM HIGH (300-999),1840,"LARGE (1,000-4,999)","LARGE (1,000-4,999)",6/30,Combined,666,666,666,488,1693,2181,92.41,18,2360,2167,99.36,1047880,1047880,2165525,2165525,20799735,18588606,0,0,1017,927,1754,19.81,8.71,98.98,18132,6,Ventura,111.0,8700.0,3.0,3048.0,,,Ventura,111.0,92310.0,Oxnard,54652.0,Oxnard city (part),C1,,8735.0,"Ventura, CA PMSA",37100.0,"Oxnard-Thousand Oaks-Ventura, CA Metropolitan Statistical Area",99999.0,,1.0,0.0,0626,2622.0,Y,,435 S D St,,Oxnard,CA,93030.0,5918.0,,93030.0,35.0,4.0,93030591835.0,S,,,,0.0,,,,,100% Overall probable correctness,34.19833,-119.182548,S,,R,U,** Street-Level Rooftop **,06111,654652.0,6111008700.0,61110087003.0,654652.0,2020/08/24 16,57,41+00,23455945,0500000US06111,"Ventura County, California",99672,1663,26642,1318,26.72967332851754,06111
54,2332,-121.96465900000001,36.979819,2332,CA072,SANTA CRUZ COUNTY HSG AUTH,8314549455,8314693712.0,housing@hacosantacruz.org,8314549455.0,,housing@hacosantacruz.org,High Performer,MEDIUM LOW (100-299),5099,"EXTRA LARGE (5,000+)","EXTRA LARGE (5,000+)",6/30,Combined,234,234,234,227,4653,4880,92.22,0,5292,5136,100.0,568006,568006,621773,621773,79165031,65387071,0,0,1579,1443,4149,16.28,12.08,99.2,15574,6,Santa Cruz,87.0,121700.0,1.0,1001.0,,,Santa Cruz,87.0,92900.0,Santa Cruz,11040.0,Capitola city,C1,,7485.0,"Santa Cruz-Watsonville, CA PMSA",42100.0,"Santa Cruz-Watsonville, CA Metropolitan Statistical Area",99999.0,,1.0,0.0,0620,552.0,Y,,2160 41st Ave,,Capitola,CA,95010.0,2009.0,,95010.0,60.0,8.0,95010200960.0,S,,,,0.0,,,,,100% Overall probable correctness,36.979819,-121.96465900000001,S,,R,U,** Street-Level Rooftop **,06087,611040.0,6087121700.0,60871217001.0,611040.0,2020/08/24 16,57,41+00,81145458,0500000US06087,"Santa Cruz County, California",38883,1111,12210,767,31.401898001697397,06087
55,2333,-121.902851,37.335878,2333,CA056,HOUSING AUTHORITY OF THE CITY OF SAN JOSE,4082758770,,federalprograms@scchousingauthority.org,4089932903.0,,Katherine.Harasz@scchousingauthority.org,,,6581,"EXTRA LARGE (5,000+)","EXTRA LARGE (5,000+)",6/30,Section 8,0,0,0,0,5868,5868,89.6,0,6549,5899,100.0,0,0,0,0,140058590,134585631,0,0,1856,1785,3124,29.67,9.35,99.14,13692,6,Santa Clara,85.0,500300.0,1.0,1064.0,,,Santa Clara,85.0,92830.0,San Jose,68000.0,San Jose city (part),C1,,7400.0,"San Jose, CA PMSA",41940.0,"San Jose-Sunnyvale-Santa Clara, CA Metropolitan Statistical Area",99999.0,,1.0,0.0,0619,3258.0,Y,,505 W Julian St,,San Jose,CA,95110.0,2338.0,,95110.0,5.0,3.0,95110233805.0,S,,,,0.0,,,,,100% Overall probable correctness,37.335878,-121.902851,S,,R,U,** Street-Level Rooftop **,06085,668000.0,6085500300.0,60855003001.0,668000.0,2020/08/24 16,57,41+00,125457589,0500000US06085,"Santa Clara County, California",274867,2527,59812,1578,21.760342274627366,06085
56,2334,-121.902851,37.335878,2334,CA059,Santa Clara County Housing Authority,4082758770,,federalprograms@scchousingauthority.org,4089932903.0,,Katherine.Harasz@scchousingauthority.org,Substandard Physical,VERY SMALL (0-49),11977,"EXTRA LARGE (5,000+)","EXTRA LARGE (5,000+)",6/30,Combined,4,4,4,4,10561,10565,88.49,0,11939,10706,100.0,10473,10473,659953,659953,251839489,245445941,0,0,1862,1803,5825,29.28,10.21,99.06,14043,6,Santa Clara,85.0,500300.0,1.0,1064.0,,,Santa Clara,85.0,92830.0,San Jose,68000.0,San Jose city (part),C1,,7400.0,"San Jose, CA PMSA",41940.0,"San Jose-Sunnyvale-Santa Clara, CA Metropolitan Statistical Area",99999.0,,1.0,0.0,0619,3258.0,Y,,505 W Julian St,,San Jose,CA,95110.0,2338.0,,95110.0,5.0,3.0,95110233805.0,S,,,,0.0,,,,,100% Overall probable correctness,37.335878,-121.902851,S,,R,U,** Street-Level Rooftop **,06085,668000.0,6085500300.0,60855003001.0,668000.0,2020/08/24 16,57,41+00,220381853,0500000US06085,"Santa Clara County, California",274867,2527,59812,1578,21.760342274627366,06085
57,2335,-121.339529,37.983487,2335,CA024,Housing Auth. of the County of San Joaquin,2094605069,2094605169.0,pragsdale@hacsj.org,2094605069.0,2094605169.0,pragsdale@hacsj.org,High Performer,MEDIUM HIGH (300-999),5188,"EXTRA LARGE (5,000+)","EXTRA LARGE (5,000+)",9/30,Combined,987,982,986,957,4359,5316,86.18,23,6169,5357,100.0,4695393,4695393,3364544,3364544,35635383,35186197,0,0,791,729,5992,11.62,16.09,98.1,13520,6,San Joaquin,77.0,3113.0,4.0,4007.0,,,San Joaquin,77.0,93240.0,Stockton,75000.0,Stockton city (part),C1,,8120.0,"Stockton-Lodi, CA MSA",44700.0,"Stockton, CA Metropolitan Statistical Area",99999.0,,1.0,0.0,0609,3624.0,D,,2575 Grand Canal Blvd,,Stockton,CA,95207.0,8260.0,,95207.0,99.0,3.0,95207826099.0,H,1SUD,,,0.0,,,N,,100% Overall probable correctness,37.983487,-121.339529,S,,R,U,** Street-Level Rooftop **,06077,675000.0,6077003113.0,60770031134.0,675000.0,2020/08/24 16,57,41+00,45717426,0500000US06077,"San Joaquin County, California",100630,1634,26182,907,26.01808605783564,06077
58,2336,-120.50469,37.293227,2336,CA023,County of Merced Housing Authority,2093864139,2097220106.0,rosav@merced-pha.com,2093864108.0,2097220106.0,rosav@merced-pha.com,High Performer,MEDIUM HIGH (300-999),2848,"LARGE (1,000-4,999)","LARGE (1,000-4,999)",9/30,Combined,421,421,421,411,2465,2876,87.98,10,3269,2922,100.0,1319252,1319252,1162401,1162401,17499106,16762581,0,0,670,603,4445,7.77,8.98,98.02,13207,6,Merced,47.0,1503.0,1.0,1014.0,,,Merced,47.0,91960.0,Merced,46898.0,Merced city (part),C1,,4940.0,"Merced, CA MSA",32900.0,"Merced, CA Metropolitan Statistical Area",99999.0,,1.0,0.0,0616,2250.0,Y,,405 U St,,Merced,CA,95341.0,6548.0,,95341.0,5.0,0.0,95341654805.0,S,,,,0.0,,,,,100% Overall probable correctness,37.293227,-120.50469,S,,R,U,** Street-Level Rooftop **,06047,646898.0,6047001503.0,60470015031.0,646898.0,2020/08/24 16,57,41+00,20132614,0500000US06047,"Merced County, California",38228,911,8676,706,22.69540650831851,06047
59,2350,-119.195233,34.149926,2350,CA032,Housing Authority of the City of Port Hueneme,8059866522,8059866562.0,gbasua@cityofporthueneme.org,8059866501.0,,bconners@ci.port-hueneme.ca.us,High Performer,SMALL (50-99),279,MEDIUM LOW (100-299),MEDIUM HIGH (300-999),6/30,Combined,90,90,90,89,257,346,93.77,1,369,350,100.0,189222,189222,157895,157895,3529788,3467859,0,0,895,875,346,14.85,8.73,96.0,19155,6,Ventura,111.0,4400.0,2.0,2006.0,,,Ventura,111.0,92310.0,Oxnard,58296.0,Port Hueneme city,C1,,8735.0,"Ventura, CA PMSA",37100.0,"Oxnard-Thousand Oaks-Ventura, CA Metropolitan Statistical Area",99999.0,,1.0,0.0,0626,2874.0,Y,,250 N Ventura Rd,,Port Hueneme,CA,93041.0,3016.0,,93041.0,50.0,8.0,93041301650.0,S,,,,0.0,,,,,100% Overall probable correctness,34.149926,-119.195233,S,,R,U,** Street-Level Rooftop **,06111,658296.0,6111004400.0,61110044002.0,658296.0,2020/08/24 16,57,41+00,3474415,0500000US06111,"Ventura County, California",99672,1663,26642,1318,26.72967332851754,06111
60,2351,-119.091926,34.336048999999996,2351,CA075,Housing Authority of the City of Santa Paula,8055253339,8055253887.0,,8055253339.0,8055253887.0,spharmj@aol.com,,,577,MEDIUM HIGH (300-999),MEDIUM HIGH (300-999),6/30,Section 8,0,0,0,0,529,529,91.68,0,577,526,99.43,0,0,0,0,5127317,5007781,0,0,939,900,377,23.15,9.61,100.0,16734,6,Ventura,111.0,800.0,3.0,3016.0,,,Ventura,111.0,92930.0,Santa Paula,70042.0,Santa Paula city,C1,,8735.0,"Ventura, CA PMSA",37100.0,"Oxnard-Thousand Oaks-Ventura, CA Metropolitan Statistical Area",99999.0,,1.0,0.0,0626,3390.0,Y,,15500 W Telegraph Rd Ste B11,,Santa Paula,CA,93060.0,3050.0,,93060.0,21.0,1.0,93060305021.0,H,B11,Ste,,0.0,,,,,100% Overall probable correctness,34.336048999999996,-119.091926,S,,R,U,** Street-Level Rooftop **,06111,670042.0,6111000800.0,61110008003.0,670042.0,2020/08/24 16,57,41+00,5861187,0500000US06111,"Ventura County, California",99672,1663,26642,1318,26.72967332851754,06111
61,2352,-119.695002,34.424248999999996,2352,CA076,Housing Authority of the City of Santa Barbara,8059651071,8055647041.0,rfredericks@hacsb.org,8058971051.0,8055647041.0,rfredericks@hacsb.org,Standard Performer,,2782,"LARGE (1,000-4,999)","LARGE (1,000-4,999)",3/31,Section 8,0,0,0,0,2482,2482,89.21,0,2782,2653,100.0,0,0,0,0,29900414,32402830,0,0,1292,1255,1281,30.3,12.65,99.77,15056,6,Santa Barbara,83.0,900.0,1.0,1006.0,,,Santa Barbara,83.0,92890.0,Santa Barbara,69070.0,Santa Barbara city,C1,,7480.0,"Santa Barbara-Santa Maria-Lompoc, CA MSA",42200.0,"Santa Maria-Santa Barbara, CA Metropolitan Statistical Area",99999.0,,1.0,0.0,0624,3348.0,Y,,808 Laguna St,,Santa Barbara,CA,93101.0,1510.0,,93101.0,8.0,1.0,93101151008.0,S,,,,0.0,,,,,100% Overall probable correctness,34.424248999999996,-119.695002,S,,R,U,** Street-Level Rooftop **,06083,669070.0,6083000900.0,60830009001.0,669070.0,2020/08/24 16,57,41+00,37114007,0500000US06083,"Santa Barbara County, California",69322,1124,19467,898,28.08199417212429,06083
62,2353,-119.646227,36.331995,2353,CA053,KINGS COUNTY HOUSING AUTH,5595822806,5595836964.0,sjackson-bobo@hakc.com,5595822806.0,5595836964.0,sjackson-bobo@hakc.com,Standard Performer,MEDIUM LOW (100-299),708,MEDIUM HIGH (300-999),MEDIUM HIGH (300-999),6/30,Combined,268,268,268,258,554,812,83.2,9,976,841,100.0,751337,751337,777217,777217,4059518,4073082,0,0,627,627,1072,8.45,11.8,99.05,13182,6,Kings,31.0,900.0,6.0,6021.0,,,Kings,31.0,91220.0,Hanford,31960.0,Hanford city,C1,,9999.0,,25260.0,"Hanford-Corcoran, CA Metropolitan Statistical Area",99999.0,,1.0,0.0,0621,1566.0,Y,,680 N Douty St,,Hanford,CA,93230.0,3913.0,,93230.0,80.0,9.0,93230391380.0,S,,,,0.0,,,,,100% Overall probable correctness,36.331995,-119.646227,S,,R,U,** Street-Level Rooftop **,06031,631960.0,6031000900.0,60310009006.0,631960.0,2020/08/24 16,57,41+00,6101925,0500000US06031,"Kings County, California",20621,763,4321,459,20.95436690752146,06031
63,2354,-119.348001,36.324414000000004,2354,CA030,Tulare County Housing Authority,5596273700,5597330169.0,info@hatc.net,5596273700.0,5597330169.0,ken@hatc.net,,MEDIUM HIGH (300-999),2958,"LARGE (1,000-4,999)","LARGE (1,000-4,999)",6/30,Combined,710,710,710,666,2749,3415,93.1,43,3668,3436,100.0,1596860,1596860,1846234,1846234,22299078,20422736,0,0,441,396,5533,8.05,8.01,94.09,22215,6,Tulare,107.0,2008.0,2.0,2003.0,,,Tulare,107.0,93560.0,Visalia,82954.0,Visalia city (part),C1,,8780.0,"Visalia-Tulare-Porterville, CA MSA",47300.0,"Visalia, CA Metropolitan Statistical Area",99999.0,,1.0,0.0,0622,3918.0,Y,,5140 W Cypress Ave,,Visalia,CA,93277.0,8303.0,,93277.0,40.0,4.0,93277830340.0,S,,,,0.0,,,,,100% Overall probable correctness,36.324414000000004,-119.348001,S,,R,U,** Street-Level Rooftop **,06107,682954.0,6107002008.0,61070020082.0,682954.0,2020/08/24 16,57,41+00,16726660,0500000US06107,"Tulare County, California",58792,1283,15107,955,25.695672880664034,06107
64,2355,-119.33074599999999,35.59467,2355,CA046,City of Wasco Housing Authority,6616318500,6616319500.0,dcampbell@kernha.org,6616318500.0,,spelz@kernha.org,Standard Performer,VERY SMALL (0-49),0,VERY SMALL (0-49),VERY SMALL (0-49),6/30,Low-Rent,25,25,25,0,0,0,0.0,0,0,0,-4.0,106887,106887,54407,54407,0,0,0,0,-4,-4,-4,-4.0,-4.0,-4.0,-4,6,Kern,29.0,4402.0,1.0,1021.0,,,Kern,29.0,93570.0,Wasco,83542.0,Wasco city (part),C1,,680.0,"Bakersfield, CA MSA",12540.0,"Bakersfield, CA Metropolitan Statistical Area",99999.0,,1.0,0.0,0621,3954.0,D,,750 H St,,Wasco,CA,93280.0,2065.0,,93280.0,99.0,7.0,93280206599.0,H,1SUD,,,0.0,,,N,,100% Overall probable correctness,35.59467,-119.33074599999999,S,,R,U,** Street-Level Rooftop **,06029,683542.0,6029004402.0,60290044021.0,683542.0,2020/08/24 16,57,41+00,-4,0500000US06029,"Kern County, California",112518,2100,29065,1213,25.83142252795108,06029
65,2388,-115.483659,32.669655999999996,2388,CA039,Housing Authority of the City of Calexico,7603573013,7603573084.0,executive@calexicohousing.org,7603573013.0,,tnava@calexicohousing.org,Standard Performer,MEDIUM LOW (100-299),244,MEDIUM LOW (100-299),MEDIUM HIGH (300-999),6/30,Combined,257,256,257,255,220,475,95.0,1,500,459,96.63,739255,739255,719898,719898,1131624,1244690,0,0,472,474,305,26.5,4.24,97.17,13343,6,Imperial,25.0,12001.0,1.0,1000.0,,,Imperial,25.0,90320.0,Calexico,9710.0,Calexico city,C1,,9999.0,,20940.0,"El Centro, CA Metropolitan Statistical Area",99999.0,,1.0,0.0,0651,486.0,Y,,1006 E 5th St,,Calexico,CA,92231.0,2970.0,,92231.0,6.0,9.0,92231297006.0,S,,,,0.0,,,,,100% Overall probable correctness,32.669655999999996,-115.483659,S,,R,U,** Street-Level Rooftop **,06025,609710.0,6025012001.0,60250120011.0,609710.0,2020/08/24 16,57,41+00,2661542,0500000US06025,"Imperial County, California",18340,924,4904,547,26.73936750272628,06025
66,2389,-114.61854699999999,34.834693,2389,CA022,Housing Authority of the City of Needles,7603263222,7603262741.0,nha@citlink.net,7603263222.0,7603262741.0,nha@citlink.net,High Performer,SMALL (50-99),20,VERY SMALL (0-49),SMALL (50-99),6/30,Combined,52,52,52,51,20,71,98.61,1,72,72,100.0,231800,231800,123997,123997,120667,124220,0,0,565,573,73,12.15,17.68,98.61,14022,6,San Bernardino,71.0,10700.0,3.0,3011.0,,,San Bernardino,71.0,92080.0,Needles,50734.0,Needles city,C1,,6780.0,"Riverside-San Bernardino, CA PMSA",40140.0,"Riverside-San Bernardino-Ontario, CA Metropolitan Statistical Area",99999.0,,1.0,0.0,0608,2424.0,Y,,908 Sycamore Dr,,Needles,CA,92363.0,3131.0,,92363.0,8.0,1.0,92363313108.0,S,,,,0.0,,,,,100% Overall probable correctness,34.834693,-114.61854699999999,S,,R,U,** Street-Level Rooftop **,06071,650734.0,6071010700.0,60710107003.0,650734.0,2020/08/24 16,57,41+00,460917,0500000US06071,"San Bernardino County, California",256893,2797,73173,2046,28.48384346790298,06071
67,2390,-117.270265,34.071155,2390,CA019,Housing Authority of the County of San Bernardino,9098900644,9098904618.0,jborgardt@hacsb.com,9093326305.0,9098904618.0,mgrazo@hacsb.com,High Performer,SMALL (50-99),11175,"EXTRA LARGE (5,000+)","EXTRA LARGE (5,000+)",9/30,Combined,99,99,99,98,10066,10168,90.16,1,11278,10704,100.0,364207,364207,1469261,1469261,96832992,92182168,0,0,868,839,9973,14.8,13.0,98.97,12628,6,San Bernardino,71.0,7200.0,2.0,2041.0,,,San Bernardino,71.0,92770.0,San Bernardino,65000.0,San Bernardino city (part),C1,,6780.0,"Riverside-San Bernardino, CA PMSA",40140.0,"Riverside-San Bernardino-Ontario, CA Metropolitan Statistical Area",99999.0,,1.0,0.0,0631,3180.0,Y,,715 E Brier Dr,,San Bernardino,CA,92408.0,2841.0,,92408.0,15.0,6.0,92408284115.0,S,,,,0.0,,,,,100% Overall probable correctness,34.071155,-117.270265,S,,R,U,** Street-Level Rooftop **,06071,665000.0,6071007200.0,60710072002.0,665000.0,2020/08/24 16,57,41+00,104042327,0500000US06071,"San Bernardino County, California",256893,2797,73173,2046,28.48384346790298,06071
68,2391,-117.42339,33.946256,2391,CA027,Housing Authority of the County of Riverside,9513510700,9516886873.0,CHarmon@rivco.org,9513435409.0,,CHarmon@rivco.org,High Performer,VERY SMALL (0-49),9941,"EXTRA LARGE (5,000+)","EXTRA LARGE (5,000+)",6/30,Combined,0,0,0,0,8585,8585,87.06,0,9861,8568,99.8,1586530,1586530,0,0,74681272,75413127,0,0,797,748,6186,24.29,13.11,98.91,13441,6,Riverside,65.0,31002.0,2.0,2007.0,,,Riverside,65.0,92640.0,Riverside,62000.0,Riverside city (part),C1,,6780.0,"Riverside-San Bernardino, CA PMSA",40140.0,"Riverside-San Bernardino-Ontario, CA Metropolitan Statistical Area",99999.0,,1.0,0.0,0641,3048.0,Y,,5555 Arlington Ave,,Riverside,CA,92504.0,2506.0,,92504.0,55.0,7.0,92504250655.0,S,,,,0.0,,,,,100% Overall probable correctness,33.946256,-117.42339,S,,R,U,** Street-Level Rooftop **,06065,662000.0,6065031002.0,60650310022.0,662000.0,2020/08/24 16,57,41+00,76642490,0500000US06065,"Riverside County, California",245948,2861,71358,1682,29.013449997560457,06065
69,2392,-117.874443,33.748507000000004,2392,CA093,Housing Authority of the City of Santa Ana,7146672200,7145475411.0,JBrown@santa-ana.org,7146672241.0,7146476549.0,jbrown@santa-ana.org,,,3124,"LARGE (1,000-4,999)","LARGE (1,000-4,999)",6/30,Section 8,0,0,0,0,2556,2556,81.82,0,3124,1899,74.29,0,0,0,0,36931775,32367024,0,0,927,803,824,31.29,10.27,99.63,13921,6,Orange,59.0,75002.0,1.0,1010.0,,,Orange,59.0,90050.0,Anaheim-Santa Ana-Garden Grove,69000.0,Santa Ana city,C1,,5945.0,"Orange County, CA PMSA",31080.0,"Los Angeles-Long Beach-Anaheim, CA Metropolitan Statistical Area",99999.0,,1.0,0.0,0646,3342.0,S,,20 Civic Center Plz,,Santa Ana,CA,92701.0,4058.0,,92701.0,20.0,2.0,92701405820.0,S,,,,1.0,,,A,,90% Overall probable correctness,33.748507000000004,-117.874443,S,,R,U,** Street-Level Rooftop **,06059,669000.0,6059075002.0,60590750021.0,669000.0,2020/08/24 16,57,41+00,24830194,0500000US06059,"Orange County, California",440104,3493,121332,2634,27.568938250958862,06059
70,2413,-117.86983899999998,33.760783,2413,CA094,Orange County Housing Authority,7144802700,7144802945.0,Marie.vu@occr.ocgov.com,7144802991.0,7144802945.0,Julia.Bidwell@occr.ocgov.com,,,11124,"EXTRA LARGE (5,000+)","EXTRA LARGE (5,000+)",6/30,Section 8,0,0,0,0,9688,9688,87.09,0,11124,11890,100.0,0,0,0,0,148897649,131792042,0,0,1697,1557,4579,35.22,10.79,99.5,14304,6,Orange,59.0,75003.0,1.0,1005.0,,,Orange,59.0,90050.0,Anaheim-Santa Ana-Garden Grove,69000.0,Santa Ana city,C1,,5945.0,"Orange County, CA PMSA",31080.0,"Los Angeles-Long Beach-Anaheim, CA Metropolitan Statistical Area",99999.0,,1.0,0.0,0646,3342.0,Y,,1770 N Broadway,,Santa Ana,CA,92706.0,2606.0,,92706.0,70.0,5.0,92706260670.0,S,,,,0.0,,,,,100% Overall probable correctness,33.760783,-117.86983899999998,S,,R,U,** Street-Level Rooftop **,06059,669000.0,6059075003.0,60590750031.0,669000.0,2020/08/24 16,57,41+00,180278657,0500000US06059,"Orange County, California",440104,3493,121332,2634,27.568938250958862,06059
71,2420,-121.10388799999998,38.939959,2420,CA149,PLACER COUNTY HOUSING AUTHORITY,5308897692,5308896826.0,jnmartin@placer.ca.gov,,,,,,379,MEDIUM HIGH (300-999),MEDIUM HIGH (300-999),6/30,Section 8,0,0,0,0,286,286,75.47,0,379,312,100.0,0,0,0,0,2487337,2095654,0,0,877,816,159,25.39,24.34,98.08,13580,6,Placer,61.0,21501.0,2.0,2009.0,,,Placer,61.0,90160.0,Auburn,51637.0,North Auburn CDP,U1,,6920.0,"Sacramento, CA PMSA",40900.0,"Sacramento-Roseville-Folsom, CA Metropolitan Statistical Area",99999.0,,1.0,0.0,0601,,Y,,11552 B Ave,,Auburn,CA,95603.0,2605.0,,95603.0,52.0,7.0,95603260552.0,S,,,,0.0,,,,,100% Overall probable correctness,38.939959,-121.10388799999998,S,,R,U,** Street-Level Rooftop **,06061,651637.0,6061021501.0,60610215012.0,6061.0,2020/08/24 16,57,41+00,2789467,0500000US06061,"Placer County, California",39961,1056,9550,741,23.89830084332224,06061
72,2421,-120.828702,38.720853000000005,2421,CA151,County of El Dorado Housing Authority,5306216300,5306638472.0,edcha@edcgov.us,5306216270.0,,edcha@edcgov.us,,,414,MEDIUM HIGH (300-999),MEDIUM HIGH (300-999),6/30,Section 8,0,0,0,0,338,338,81.64,0,414,342,100.0,0,0,0,0,3215174,2857483,0,0,888,785,187,21.52,24.68,99.12,12546,6,El Dorado,17.0,31200.0,1.0,1030.0,,,El Dorado,17.0,92490.0,Placerville,57540.0,Placerville city,C1,,6920.0,"Sacramento, CA PMSA",40900.0,"Sacramento-Roseville-Folsom, CA Metropolitan Statistical Area",99999.0,,1.0,0.0,0604,2808.0,Y,,3047 Briw Rd,,Placerville,CA,95667.0,5321.0,,95667.0,47.0,5.0,95667532147.0,S,,,,0.0,,,,,100% Overall probable correctness,38.720853000000005,-120.828702,S,,R,U,** Street-Level Rooftop **,06017,657540.0,6017031200.0,60170312001.0,657540.0,2020/08/24 16,57,41+00,3080722,0500000US06017,"El Dorado County, California",16182,741,3674,444,22.704239278210355,06017
73,2422,-121.284668,38.748715999999995,2422,CA128,CITY OF ROSEVILLE,9167745270,9167461295.0,CA128@roseville.ca.us,9167461239.0,,CA128@roseville.ca.us,,,702,MEDIUM HIGH (300-999),MEDIUM HIGH (300-999),6/30,Section 8,0,0,0,0,621,621,88.46,0,702,655,100.0,0,0,0,0,5372160,4713097,0,0,813,740,209,37.96,20.37,99.69,14234,6,Placer,61.0,20901.0,1.0,1013.0,,,Placer,61.0,92660.0,Roseville,62938.0,Roseville city (part),C1,,6920.0,"Sacramento, CA PMSA",40900.0,"Sacramento-Roseville-Folsom, CA Metropolitan Statistical Area",99999.0,,1.0,0.0,0604,3108.0,Y,,316 Vernon St Ste 150,,Roseville,CA,95678.0,2653.0,,95678.0,25.0,2.0,95678265325.0,H,150,Ste,,0.0,,,,,100% Overall probable correctness,38.748715999999995,-121.284668,S,,R,U,** Street-Level Rooftop **,06061,662938.0,6061020901.0,60610209011.0,662938.0,2020/08/24 16,57,41+00,5480901,0500000US06061,"Placer County, California",39961,1056,9550,741,23.89830084332224,06061
74,2423,-122.001488,38.357775,2423,CA125,CITY OF VACAVILLE,7074495675,7074496242.0,emily.cantu@cityofvacaville.com,7074495104.0,7074495149.0,Emily.Cantu@cityofvacaville.com,,,1239,"LARGE (1,000-4,999)","LARGE (1,000-4,999)",6/30,Section 8,0,0,0,0,1027,1027,82.89,0,1239,1031,100.0,0,0,0,0,10974384,9897271,0,0,1044,987,719,21.14,15.01,98.74,14292,6,Solano,95.0,253203.0,3.0,3013.0,,,Solano,95.0,93520.0,Vacaville,81554.0,Vacaville city (part),C1,,8720.0,"Vallejo-Fairfield-Napa, CA PMSA",46700.0,"Vallejo, CA Metropolitan Statistical Area",99999.0,,1.0,0.0,0603,3858.0,Y,,40 Eldridge Ave Ste 2,,Vacaville,CA,95688.0,6824.0,,95688.0,2.0,2.0,95688682402.0,H,2,Ste,,0.0,,,,,100% Overall probable correctness,38.357775,-122.001488,S,,R,U,** Street-Level Rooftop **,06095,681554.0,6095253203.0,60952532033.0,681554.0,2020/08/24 16,57,41+00,12337825,0500000US06095,"Solano County, California",58647,1070,15133,885,25.803536412774736,06095
75,2424,-121.791145,38.677422,2424,CA044,Housing Authority of the County of Yolo,5306625428,5306625429.0,jholt@ych.ca.gov,5306625428.0,5306625429.0,ssigrist@ych.ca.gov,Standard Performer,MEDIUM HIGH (300-999),1814,"LARGE (1,000-4,999)","LARGE (1,000-4,999)",6/30,Combined,442,431,431,429,1447,1876,83.56,2,2245,1923,100.0,1307906,1307906,1164851,1164851,13276345,12052789,0,0,759,730,1256,22.26,15.66,98.34,13308,6,Yolo,113.0,11001.0,2.0,2001.0,,,Yolo,113.0,93790.0,Woodland,86328.0,Woodland city,C1,,9270.0,"Yolo, CA PMSA",40900.0,"Sacramento-Roseville-Folsom, CA Metropolitan Statistical Area",99999.0,,1.0,0.0,0603,4134.0,Y,,147 W Main St,,Woodland,CA,95695.0,2914.0,,95695.0,47.0,9.0,95695291447.0,S,,,,0.0,,,,,100% Overall probable correctness,38.677422,-121.791145,S,,R,U,** Street-Level Rooftop **,06113,686328.0,6113011001.0,61130110012.0,686328.0,2020/08/24 16,57,41+00,15908564,0500000US06113,"Yolo County, California",35497,888,10890,557,30.678648899907035,06113
76,2425,-119.008253,35.380803,2425,CA008,Housing Authority of the County of Kern,6616318500,6616319500.0,dcampbell@kernha.org,6616318500.0,6616319500.0,spelz@kernha.org,High Performer,MEDIUM HIGH (300-999),3817,"LARGE (1,000-4,999)","LARGE (1,000-4,999)",6/30,Combined,865,860,865,858,3492,4350,93.01,2,4677,4409,100.0,3906718,3906718,1942048,1942048,24827161,23516142,0,0,628,591,5509,9.94,11.1,99.14,11556,6,Kern,29.0,1600.0,1.0,1003.0,,,Kern,29.0,90180.0,Bakersfield,3526.0,Bakersfield city (part),C1,,680.0,"Bakersfield, CA MSA",12540.0,"Bakersfield, CA Metropolitan Statistical Area",99999.0,,1.0,0.0,0623,228.0,D,,601 24th St,,Bakersfield,CA,93301.0,4150.0,,93301.0,99.0,6.0,93301415099.0,H,,,,0.0,,,N,,100% Overall probable correctness,35.380803,-119.008253,S,,R,U,** Street-Level Rooftop **,06029,603526.0,6029001600.0,60290016001.0,603526.0,2020/08/24 16,57,41+00,32036066,0500000US06029,"Kern County, California",112518,2100,29065,1213,25.83142252795108,06029
77,2426,-120.663099,35.272436,2426,CA064,Housing Authority of the City of San Luis Obispo,8055434478,8055434992.0,ssmith@haslo.org,8055434478.0,8055434992.0,ssmith@haslo.org,Standard Performer,VERY SMALL (0-49),2411,"LARGE (1,000-4,999)","LARGE (1,000-4,999)",9/30,Combined,0,0,0,0,2335,2335,96.85,0,2411,2442,100.0,151052,151052,421131,421131,22648494,20544983,0,0,958,910,1459,21.01,19.17,99.06,13210,6,San Luis Obispo,79.0,11102.0,1.0,1029.0,,,San Luis Obispo,79.0,92860.0,San Luis Obispo,68154.0,San Luis Obispo city,C1,,7460.0,"San Luis Obispo-Atascadero-Paso Robles, CA MSA",42020.0,"San Luis Obispo-Paso Robles, CA Metropolitan Statistical Area",99999.0,,1.0,0.0,0624,3288.0,Y,,487 Leff St,,San Luis Obispo,CA,93401.0,4347.0,,93401.0,87.0,0.0,93401434787.0,S,,,,0.0,,,,,100% Overall probable correctness,35.272436,-120.663099,S,,R,U,** Street-Level Rooftop **,06079,668154.0,6079011102.0,60790111021.0,668154.0,2020/08/24 16,57,41+00,23544770,0500000US06079,"San Luis Obispo County, California",41331,1122,10865,619,26.287774309840074,06079
78,2427,-120.466968,34.63929,2427,CA021,Housing Authority of the County of Santa Barbara,8057363423,8057357672.0,bobhavlicek@hasbarco.org,8057363423.0,8057357672.0,bobhavlicek@hasbarco.org,High Performer,MEDIUM LOW (100-299),4041,"LARGE (1,000-4,999)","LARGE (1,000-4,999)",12/31,Combined,215,214,215,209,3742,3951,92.85,3,4255,4011,100.0,500821,500821,684673,684673,46548011,40481992,0,0,1207,1120,3447,15.8,12.23,99.63,14215,6,Santa Barbara,83.0,2702.0,4.0,4011.0,,,Santa Barbara,83.0,91708.0,Lompoc CCD,42524.0,Lompoc city,C1,,7480.0,"Santa Barbara-Santa Maria-Lompoc, CA MSA",42200.0,"Santa Maria-Santa Barbara, CA Metropolitan Statistical Area",99999.0,,1.0,0.0,0624,2064.0,Y,,815 W Ocean Ave,,Lompoc,CA,93436.0,6526.0,,93436.0,15.0,0.0,93436652615.0,S,,,,0.0,,,,,100% Overall probable correctness,34.63929,-120.466968,S,,R,U,** Street-Level Rooftop **,06083,642524.0,6083002702.0,60830027024.0,642524.0,2020/08/24 16,57,41+00,53845464,0500000US06083,"Santa Barbara County, California",69322,1124,19467,898,28.08199417212429,06083
79,2443,-121.489663,38.581715,2443,CA005,City of Sacramento Housing Authority,9164401319,9164922557.0,lsdozier@shra.org,9164401319.0,9164411197.0,ldozier@shra.org,Standard Performer,"LARGE (1,000-4,999)",6,VERY SMALL (0-49),"LARGE (1,000-4,999)",12/31,Combined,1699,1678,1699,1622,0,1622,96.66,32,1678,1621,99.94,6672350,6672350,4258719,4258719,0,0,0,0,562,554,1539,16.4,10.3,99.2,11533,6,Sacramento,67.0,1101.0,1.0,1003.0,,,Sacramento,67.0,92690.0,Sacramento,64000.0,Sacramento city,C1,,6920.0,"Sacramento, CA PMSA",40900.0,"Sacramento-Roseville-Folsom, CA Metropolitan Statistical Area",99999.0,,1.0,0.0,0606,3144.0,D,,801 12th St,,Sacramento,CA,95814.0,2947.0,,95814.0,99.0,3.0,95814294799.0,H,1SUD,,,0.0,,,N,,100% Overall probable correctness,38.581715,-121.489663,S,,R,U,** Street-Level Rooftop **,06067,664000.0,6067001101.0,60670011011.0,664000.0,2020/08/24 16,57,41+00,10981662,0500000US06067,"Sacramento County, California",235947,2352,63634,1776,26.9696160578435,06067
80,2444,-121.489663,38.581715,2444,CA007,County of Sacramento Housing Authority,9164401319,9164922557.0,lsdozier@shra.org,9164401319.0,9164411197.0,ldozier@shra.org,Standard Performer,"LARGE (1,000-4,999)",12644,"EXTRA LARGE (5,000+)","EXTRA LARGE (5,000+)",12/31,Combined,1013,1006,1013,767,11131,11898,88.56,18,13434,12016,100.0,4039408,4039408,2099390,2099390,93501278,111009584,0,0,865,796,9670,16.74,18.94,97.18,12168,6,Sacramento,67.0,1101.0,1.0,1003.0,,,Sacramento,67.0,92690.0,Sacramento,64000.0,Sacramento city,C1,,6920.0,"Sacramento, CA PMSA",40900.0,"Sacramento-Roseville-Folsom, CA Metropolitan Statistical Area",99999.0,,1.0,0.0,0606,3144.0,D,,801 12th St,,Sacramento,CA,95814.0,2947.0,,95814.0,99.0,3.0,95814294799.0,H,1SUD,,,0.0,,,N,,100% Overall probable correctness,38.581715,-121.489663,S,,R,U,** Street-Level Rooftop **,06067,664000.0,6067001101.0,60670011011.0,664000.0,2020/08/24 16,57,41+00,115346390,0500000US06067,"Sacramento County, California",235947,2352,63634,1776,26.9696160578435,06067
81,2445,-121.801235,39.723665000000004,2445,CA043,COUNTY OF BUTTE HSG AUTH,5308954474,5308954459.0,Contact@Butte-Housing.com,5308954474.0,5308954459.0,EdM@Butte-Housing.com,High Performer,MEDIUM HIGH (300-999),2206,"LARGE (1,000-4,999)","LARGE (1,000-4,999)",9/30,Combined,345,345,345,337,1938,2275,89.18,8,2551,2138,93.98,1181493,1181493,812881,812881,13022987,13396269,0,0,571,582,1725,15.77,20.07,99.02,12132,6,Butte,7.0,903.0,1.0,1000.0,,,Butte,7.0,90470.0,Chico,13014.0,Chico city (part),C1,,1620.0,"Chico-Paradise, CA MSA",17020.0,"Chico, CA Metropolitan Statistical Area",99999.0,,1.0,0.0,0601,684.0,S,,2039 Forest Ave,,Chico,CA,95928.0,7620.0,,95928.0,39.0,0.0,95928762039.0,S,,,,1.0,,,A,,90% Overall probable correctness,39.723665000000004,-121.801235,S,,R,U,** Street-Level Rooftop **,06007,613014.0,6007000903.0,60070009031.0,613014.0,2020/08/24 16,57,41+00,15597892,0500000US06007,"Butte County, California",35439,1020,11183,597,31.55563080222354,06007
82,2446,-120.941777,39.936847,2446,CA070,COUNTY OF PLUMAS HOUSING AUTHORITY,5302832466,5302832478.0,,5302832466.0,5302832478.0,finance@plumascdc.org,Standard Performer,SMALL (50-99),637,MEDIUM HIGH (300-999),MEDIUM HIGH (300-999),6/30,Combined,96,96,96,90,628,718,97.95,6,733,735,100.0,320786,320786,275226,275226,3632101,3466304,0,0,553,531,539,17.02,22.86,99.46,12192,6,Plumas,63.0,100.0,1.0,1037.0,,,Plumas,63.0,92540.0,Quincy,59080.0,Quincy CDP,U1,,9999.0,,99999.0,,99999.0,,0.0,0.0,0601,2916.0,Y,,183 W Main St,,Quincy,CA,95971.0,9372.0,,95971.0,83.0,7.0,95971937283.0,S,,,,0.0,,,,,100% Overall probable correctness,39.936847,-120.941777,S,,R,U,** Street-Level Rooftop **,06063,659080.0,6063000100.0,60630001001.0,6063.0,2020/08/24 16,57,41+00,4431235,0500000US06063,"Plumas County, California",2179,261,510,141,23.405231757687012,06063
83,2447,-121.640391,39.147242999999996,2447,CA048,Regional Housing Authority,5306710220,5306730775.0,,5306710220.0,5306730775.0,G.Becerra@regionalha.org,Standard Performer,MEDIUM LOW (100-299),1736,"LARGE (1,000-4,999)","LARGE (1,000-4,999)",3/31,Combined,173,173,173,166,1664,1830,95.86,4,1909,1826,99.78,447607,447607,509009,509009,10652761,10173263,0,0,571,550,1578,17.25,14.41,99.07,12972,6,Sutter,101.0,50604.0,1.0,1014.0,,,Sutter,101.0,93820.0,Yuba City,86972.0,Yuba City city,C1,,9340.0,"Yuba City, CA MSA",49700.0,"Yuba City, CA Metropolitan Statistical Area",99999.0,,1.0,0.0,0603,4176.0,Y,,1455 Butte House Rd,,Yuba City,CA,95993.0,2701.0,,95993.0,55.0,5.0,95993270155.0,S,,,,0.0,,,,,100% Overall probable correctness,39.147242999999996,-121.640391,S,,R,U,** Street-Level Rooftop **,06101,686972.0,6101050604.0,61010506041.0,686972.0,2020/08/24 16,57,41+00,11774582,0500000US06101,"Sutter County, California",13800,535,2566,301,18.594202898550723,06101
84,2448,-122.39613200000001,40.583566999999995,2448,CA096,COUNTY OF SHASTA HSG AUTH,5302255160,5302255178.0,ccoleman@co.shasta.ca.us,5302255373.0,5302255178.0,ccoleman@co.shasta.ca.us,,,1026,"LARGE (1,000-4,999)","LARGE (1,000-4,999)",6/30,Section 8,0,0,0,0,756,756,73.68,0,1026,815,100.0,0,0,0,0,4079240,4399769,0,0,474,457,421,27.56,23.63,99.88,12012,6,Shasta,89.0,10100.0,1.0,1129.0,,,Shasta,89.0,92568.0,Redding CCD,59920.0,Redding city,C1,,6690.0,"Redding, CA MSA",39820.0,"Redding, CA Metropolitan Statistical Area",99999.0,,1.0,0.0,0601,2958.0,Y,,1450 Court St Ste 108,,Redding,CA,96001.0,1661.0,,96001.0,33.0,4.0,96001166133.0,H,108,Ste,,0.0,,,,,100% Overall probable correctness,40.583566999999995,-122.39613200000001,S,,R,U,** Street-Level Rooftop **,06089,659920.0,6089010100.0,60890101001.0,659920.0,2020/08/24 16,57,41+00,4406832,0500000US06089,"Shasta County, California",25752,798,7509,550,29.158900279589933,06089
85,2480,-121.01635300000001,37.613462,2480,CA026,Housing Authority of the County of Stanislaus,2095572000,2095572011.0,bkauss@stancoha.org,2095572003.0,2095572011.0,bkauss@stancoha.org,Standard Performer,MEDIUM HIGH (300-999),4928,"LARGE (1,000-4,999)","EXTRA LARGE (5,000+)",9/30,Combined,647,647,647,641,4571,5212,93.49,6,5575,5118,98.19,1514545,1514545,1719021,1719021,35043964,31948144,0,0,636,615,4826,17.66,11.92,97.62,14825,6,Stanislaus,99.0,1604.0,2.0,2005.0,,,Stanislaus,99.0,91980.0,Modesto,48354.0,Modesto city (part),C1,,5170.0,"Modesto, CA MSA",33700.0,"Modesto, CA Metropolitan Statistical Area",99999.0,,1.0,0.0,0610,2292.0,Y,,1701 Robertson Rd,,Modesto,CA,95351.0,3536.0,,95351.0,1.0,9.0,95351353601.0,S,,,,0.0,,,,,100% Overall probable correctness,37.613462,-121.01635300000001,S,,R,U,** Street-Level Rooftop **,06099,648354.0,6099001604.0,60990016042.0,648354.0,2020/08/24 16,57,41+00,38117580,0500000US06099,"Stanislaus County, California",73603,1560,19132,1050,25.993505699495945,06099
86,2481,-120.935221,37.735188,2481,CA017,Housing Authority of the City of Riverbank,2098694501,2098696814.0,bkauss@stancoha.org,2095572003.0,2095572011.0,bkauss@stancoha.org,High Performer,SMALL (50-99),0,VERY SMALL (0-49),SMALL (50-99),6/30,Low-Rent,90,90,90,86,0,86,95.56,4,90,86,100.0,100739,100739,193474,193474,0,0,0,0,285,282,47,31.43,11.43,97.67,14936,6,Stanislaus,99.0,301.0,2.0,2021.0,,,Stanislaus,99.0,91980.0,Modesto,61068.0,Riverbank city,C1,,5170.0,"Modesto, CA MSA",33700.0,"Modesto, CA Metropolitan Statistical Area",99999.0,,1.0,0.0,0610,3036.0,D,,3309 Stanislaus St,,Riverbank,CA,95367.0,2458.0,,95367.0,99.0,3.0,95367245899.0,H,1SUD,,,0.0,,,N,,100% Overall probable correctness,37.735188,-120.935221,S,,R,U,** Street-Level Rooftop **,06099,661068.0,6099000301.0,60990003012.0,661068.0,2020/08/24 16,57,41+00,294205,0500000US06099,"Stanislaus County, California",73603,1560,19132,1050,25.993505699495945,06099
87,2482,-122.71238000000001,38.438563,2482,CA088,CITY OF SANTA ROSA,7075433316,7075433317.0,dgouin@srcity.org,7075433300.0,7075433317.0,dgouin@ci.santa-rosa.ca.us,,,1903,"LARGE (1,000-4,999)","LARGE (1,000-4,999)",6/30,Section 8,0,0,0,0,1752,1752,92.06,0,1903,2031,100.0,0,0,0,0,21131514,22486844,0,0,1377,1326,808,29.15,23.61,99.02,14079,6,Sonoma,97.0,152000.0,1.0,1038.0,,,Sonoma,97.0,92940.0,Santa Rosa,70098.0,Santa Rosa city (part),C1,,7500.0,"Santa Rosa, CA PMSA",42220.0,"Santa Rosa-Petaluma, CA Metropolitan Statistical Area",99999.0,,1.0,0.0,0605,3396.0,Y,,90 Santa Rosa Ave,,Santa Rosa,CA,95404.0,4904.0,,95404.0,90.0,2.0,95404490490.0,S,,,,0.0,,,,,100% Overall probable correctness,38.438563,-122.71238000000001,S,,R,U,** Street-Level Rooftop **,06097,670098.0,6097152000.0,60971520001.0,670098.0,2020/08/24 16,57,41+00,27108326,0500000US06097,"Sonoma County, California",74246,1572,19621,985,26.427012903052017,06097
88,2483,-122.734803,38.457116,2483,CA085,COUNTY OF SONOMA,7075657500,7075657583.0,martha.cheever@sonoma-county.org,7075657508.0,7075657557.0,Tina.Rivera@sonoma-county.org,,,2955,"LARGE (1,000-4,999)","LARGE (1,000-4,999)",6/30,Section 8,0,0,0,0,2755,2755,93.24,0,2955,2523,91.58,0,0,0,0,34769401,35359173,0,0,1029,1003,1136,30.25,19.98,99.21,13277,6,Sonoma,97.0,153001.0,1.0,1003.0,,,Sonoma,97.0,92940.0,Santa Rosa,70098.0,Santa Rosa city (part),C1,,7500.0,"Santa Rosa, CA PMSA",42220.0,"Santa Rosa-Petaluma, CA Metropolitan Statistical Area",99999.0,,1.0,0.0,0605,3396.0,Y,,1440 Guerneville Rd,,Santa Rosa,CA,95403.0,4107.0,,95401.0,40.0,3.0,95403410740.0,S,,,,0.0,,,,,100% Overall probable correctness,38.457116,-122.734803,S,,R,U,** Street-Level Rooftop **,06097,670098.0,6097153001.0,60971530011.0,670098.0,2020/08/24 16,57,41+00,33036838,0500000US06097,"Sonoma County, California",74246,1572,19621,985,26.427012903052017,06097
89,2550,-121.878644,37.657113,2550,CA081,Housing Authority of the City of Pleasanton,9259315002,9259315485.0,sbocian@cityofpleasantonca.gov,9259315002.0,9259315482.0,nfialho@ci.pleasanton.ca.gov,Standard Performer,VERY SMALL (0-49),0,VERY SMALL (0-49),VERY SMALL (0-49),6/30,Low-Rent,0,0,0,0,0,0,0.0,0,0,0,-4.0,40187,40187,0,0,0,0,0,0,-4,-4,-4,-4.0,-4.0,-4.0,-4,6,Alameda,1.0,450607.0,1.0,1031.0,,,Alameda,1.0,91660.0,Livermore-Pleasanton,57792.0,Pleasanton city,C1,,5775.0,"Oakland, CA PMSA",41860.0,"San Francisco-Oakland-Berkeley, CA Metropolitan Statistical Area",99999.0,,1.0,0.0,0615,2826.0,Y,,123 Main St,,Pleasanton,CA,94566.0,7320.0,,94566.0,23.0,3.0,94566732023.0,S,,,,0.0,,,,,100% Overall probable correctness,37.657113,-121.878644,S,,R,U,** Street-Level Rooftop **,06001,657792.0,6001450607.0,60014506071.0,657792.0,2020/08/24 16,57,41+00,-4,0500000US06001,"Alameda County, California",267736,2179,62990,1462,23.526907102518898,06001
90,2551,-122.03724199999999,38.239421,2551,CA066,SUISUN CITY HOUSING AUTHORITY,7074217332,7074293758.0,klawton@suisun.com,7074217332.0,7074293758.0,klawton@suisun.com,,,318,MEDIUM HIGH (300-999),MEDIUM HIGH (300-999),6/30,Section 8,0,0,0,0,225,225,70.76,0,318,226,100.0,0,0,0,0,3846624,3626902,0,0,997,971,176,22.98,21.49,98.67,15632,6,Solano,95.0,252702.0,3.0,3019.0,,,Solano,95.0,90950.0,Fairfield-Suisun City,75630.0,Suisun City city,C1,,8720.0,"Vallejo-Fairfield-Napa, CA PMSA",46700.0,"Vallejo, CA Metropolitan Statistical Area",99999.0,,1.0,0.0,0603,3642.0,Y,,701 Civic Center Blvd,,Suisun City,CA,94585.0,2617.0,,94585.0,1.0,2.0,94585261701.0,S,,,,0.0,,,,,100% Overall probable correctness,38.239421,-122.03724199999999,S,,R,U,** Street-Level Rooftop **,06095,675630.0,6095252702.0,60952527023.0,675630.0,2020/08/24 16,57,41+00,2773210,0500000US06095,"Solano County, California",58647,1070,15133,885,25.803536412774736,06095
91,2591,-117.913771,33.834540000000004,2591,CA104,City of Anaheim Housing Authority,7147654320,,anaheimha@anaheim.net,7147654320.0,,anaheimha@anaheim.net,,,6652,"EXTRA LARGE (5,000+)","EXTRA LARGE (5,000+)",6/30,Section 8,0,0,0,0,5736,5736,86.23,0,6652,5926,100.0,0,0,0,0,77331262,71444609,0,0,1319,1245,3690,27.0,9.56,99.83,16217,6,Orange,59.0,87300.0,3.0,3007.0,,,Orange,59.0,90050.0,Anaheim-Santa Ana-Garden Grove,2000.0,Anaheim city,C1,,5945.0,"Orange County, CA PMSA",31080.0,"Los Angeles-Long Beach-Anaheim, CA Metropolitan Statistical Area",99999.0,,1.0,0.0,0646,78.0,Y,,201 S Anaheim Blvd Ste 200,,Anaheim,CA,92805.0,3858.0,,92805.0,50.0,7.0,92805385850.0,H,200,Ste,,0.0,,,,,100% Overall probable correctness,33.834540000000004,-117.913771,S,,R,U,** Street-Level Rooftop **,06059,602000.0,6059087300.0,60590873003.0,602000.0,2020/08/24 16,57,41+00,82735269,0500000US06059,"Orange County, California",440104,3493,121332,2634,27.568938250958862,06059
92,2592,-117.937651,33.77471,2592,CA102,Housing Authority of the City of Garden Grove,7147415150,7147415197.0,,7147415150.0,,dannyh@ci.garden-grove.ca.us,,,2337,"LARGE (1,000-4,999)","LARGE (1,000-4,999)",6/30,Section 8,0,0,0,0,2216,2216,94.83,0,2337,2519,100.0,0,0,0,0,30027319,26876655,0,0,1494,1344,968,38.79,5.87,99.72,16044,6,Orange,59.0,88602.0,1.0,1015.0,,,Orange,59.0,90050.0,Anaheim-Santa Ana-Garden Grove,29000.0,Garden Grove city (part),C1,,5945.0,"Orange County, CA PMSA",31080.0,"Los Angeles-Long Beach-Anaheim, CA Metropolitan Statistical Area",99999.0,,1.0,0.0,0646,1440.0,Y,,12966 Euclid St Ste 150,,Garden Grove,CA,92840.0,9202.0,,92840.0,25.0,7.0,92840920225.0,H,150,Ste,,0.0,,,,,100% Overall probable correctness,33.77471,-117.937651,S,,R,U,** Street-Level Rooftop **,06059,629000.0,6059088602.0,60590886021.0,629000.0,2020/08/24 16,57,41+00,35760687,0500000US06059,"Orange County, California",440104,3493,121332,2634,27.568938250958862,06059
93,2593,-119.30367700000001,34.293836,2593,CA035,Housing Authority of the City of San Buenaventura,8056485008,8056437984.0,dwise@hacityventura.org,8056485008.0,8056497984.0,DWise@hacityventura.org,Standard Performer,MEDIUM LOW (100-299),1866,"LARGE (1,000-4,999)","LARGE (1,000-4,999)",9/30,Combined,296,295,296,230,1508,1738,80.43,53,2161,1750,100.0,567038,567038,641264,641264,16429625,15238449,0,0,930,834,1232,18.85,15.44,99.09,14940,6,Ventura,111.0,2300.0,2.0,2000.0,,,Ventura,111.0,93550.0,Ventura,65042.0,San Buenaventura (Ventura) city (part),C1,,8735.0,"Ventura, CA PMSA",37100.0,"Oxnard-Thousand Oaks-Ventura, CA Metropolitan Statistical Area",99999.0,,1.0,0.0,0624,,Y,,995 Riverside St,,Ventura,CA,93001.0,1636.0,,93001.0,95.0,7.0,93001163695.0,S,,,,0.0,,,,,100% Overall probable correctness,34.293836,-119.30367700000001,S,,R,U,** Street-Level Rooftop **,06111,665042.0,6111002300.0,61110023002.0,665042.0,2020/08/24 16,57,41+00,17516597,0500000US06111,"Ventura County, California",99672,1663,26642,1318,26.72967332851754,06111
94,2606,-117.750221,34.054435,2606,CA123,Housing Authority of the City of Pomona,9096202311,9096204567.0,George_Montano@ci.pomona.ca.us,9096202426.0,9096204567.0,George_Montano@ci.pomona.ca.us,,,982,MEDIUM HIGH (300-999),MEDIUM HIGH (300-999),6/30,Section 8,0,0,0,0,937,937,95.42,0,982,969,100.0,0,0,0,0,12504085,11622208,0,0,1356,1212,709,18.76,15.01,99.79,12420,6,Los Angeles,37.0,408800.0,2.0,2057.0,,,Los Angeles,37.0,90810.0,East San Gabriel Valley,58072.0,Pomona city,C1,,4480.0,"Los Angeles-Long Beach, CA PMSA",31080.0,"Los Angeles-Long Beach-Anaheim, CA Metropolitan Statistical Area",99999.0,,1.0,0.0,0635,2850.0,Y,,505 S Garey Ave,,Pomona,CA,91766.0,3320.0,,91766.0,5.0,8.0,91766332005.0,S,,,,2.0,,,,,80% Overall probable correctness,34.054435,-117.750221,S,,R,U,** Street-Level Rooftop **,06037,658072.0,6037408800.0,60374088002.0,658072.0,2020/08/24 16,57,41+00,13322664,0500000US06037,"Los Angeles County, California",1791480,6379,528626,4288,29.50778127581664,06037
95,2607,-118.134428,34.091722999999995,2607,CA002,Los Angeles County Development Authority,6265861500,,Executive.Director@lacda.org,6265861505.0,,executive.director@lacda.org,High Performer,"LARGE (1,000-4,999)",25251,"EXTRA LARGE (5,000+)","EXTRA LARGE (5,000+)",6/30,Combined,2962,2953,2962,2922,23485,26406,93.82,3,28146,26105,98.86,9338730,9338730,7983042,7983042,299395950,277092117,0,0,1115,1074,20269,19.08,12.97,99.25,12536,6,Los Angeles,37.0,481001.0,2.0,2003.0,,,Los Angeles,37.0,93200.0,Southwest San Gabriel Valley,884.0,Alhambra city,C1,,4480.0,"Los Angeles-Long Beach, CA PMSA",31080.0,"Los Angeles-Long Beach-Anaheim, CA Metropolitan Statistical Area",99999.0,,1.0,0.0,0627,30.0,Y,,700 W Main St,,Alhambra,CA,91801.0,3312.0,,91801.0,0.0,2.0,91801331200.0,S,,,,0.0,,,,,100% Overall probable correctness,34.091722999999995,-118.134428,S,,R,U,** Street-Level Rooftop **,06037,600884.0,6037481001.0,60374810012.0,600884.0,2020/08/24 16,57,41+00,337348433,0500000US06037,"Los Angeles County, California",1791480,6379,528626,4288,29.50778127581664,06037
96,2608,-117.10331200000002,32.672828,2608,CA116,CDC of National City,6193364254,6194773747.0,mrios@nationalcityca.gov,6193364259.0,6294773747.0,mrios@nationalcityca.gov,,,1123,"LARGE (1,000-4,999)","LARGE (1,000-4,999)",6/30,Section 8,0,0,0,0,1069,1069,95.19,0,1123,1066,99.72,0,0,0,0,12181678,10843703,0,0,1025,972,608,30.18,7.48,99.72,13112,6,San Diego,73.0,11700.0,3.0,3004.0,,,San Diego,73.0,92780.0,San Diego,50398.0,National City city,C1,,7320.0,"San Diego, CA MSA",41740.0,"San Diego-Chula Vista-Carlsbad, CA Metropolitan Statistical Area",99999.0,,1.0,0.0,0651,2412.0,Y,,140 E 12th St Ste B,,National City,CA,91950.0,3323.0,,91950.0,74.0,4.0,91950332374.0,H,B,Ste,,0.0,,,,,100% Overall probable correctness,32.672828,-117.10331200000002,S,,R,U,** Street-Level Rooftop **,06073,650398.0,6073011700.0,60730117003.0,650398.0,2020/08/24 16,57,41+00,12278629,0500000US06073,"San Diego County, California",525090,3504,144189,2566,27.45986402331029,06073
